make	foreign		English 'make' (Gutenberg front matter, magazine prose)
tha	foreign		English 'than'/'that' split by OCR
lipharo	lemma	whisker; hair of a moustache
soo	foreign		English 'soon' parsed as soo+n
translatio	foreign		English 'translation' split at a line break
riverbordo	lemma	riverbank
eo	ocr-artifact		OCR for 'ĉe' in a Baha'i text; elsewhere the language code in eo.wikisource/eo.wikipedia URLs
sukcesplena	lemma	successful, full of success
komploto	lemma	plot, conspiracy
tiuspeca	lemma	of that kind, such
editio	foreign		English 'edition' split at a line break
conclusio	foreign		English 'conclusion'
she	foreign		English 'she'
orgi	fragment		miner key collision: forms are orgio/orgia; headword orgio already held
nordorienta	lemma	north-eastern
limiĝi	lemma	be limited, be confined
banloko	lemma	bathing place, seaside resort
senarba	lemma	treeless
pasema	lemma	transient, fleeting
refortiĝi	lemma	regain strength
rajtigilo	lemma	authorization, warrant, credentials (document)
vivovojo	lemma	path of life, course of one's life
montpinto	lemma	mountain peak, summit
collectio	foreign		English 'collection'
aĵeto	lemma	trinket, little thing
preterveturi	lemma	drive past, sail past
duonfreneza	lemma	half-mad
antaŭpiedo	lemma	forefoot, front paw
subscriptio	foreign		English 'subscription'
abonprezo	lemma	subscription price
ekveki	lemma	awaken, rouse
malhonestulo	lemma	dishonest person, cheat
trovaĵo	lemma	find, discovery (thing found)
vivteni	lemma	support, keep alive, maintain
amrilato	lemma	love affair, romantic relationship
fruktarbo	lemma	fruit tree
kaoso	lemma	chaos
kombiniĝi	lemma	combine, be combined
skribiĝi	lemma	be written
lumigado	lemma	lighting, illumination
misuzi	lemma	misuse, abuse
videbligi	lemma	make visible, reveal
kunmetado	lemma	putting together, composition, assembly
posedado	lemma	possession, owning
revizoro	lemma	inspector, auditor
ribelado	lemma	rebellion, rioting
posedantino	lemma	owner (female), proprietress
malriĉiĝi	lemma	become poor
profitdona	lemma	profitable
foruzi	lemma	use up, spend
kunligiĝi	lemma	join together, become linked
videbliĝi	lemma	become visible, appear
helkolora	lemma	light-coloured
samvalora	lemma	of equal value, equivalent
neesperantisto	lemma	non-Esperantist
surkape	lemma	on the head
okdekjara	lemma	eighty-year-old
iutage	lemma	one day, some day
samulo	lemma	fellow, one's peer, one of the same kind
nelogika	lemma	illogical
forvendi	lemma	sell off, sell away
paciĝo	lemma	reconciliation, making peace
disvendi	lemma	sell widely, distribute by sale
reveki	lemma	reawaken, wake again
insultado	lemma	insulting, abuse
malbonfarto	lemma	ill health, poor condition
sensona	lemma	soundless, silent
ŝatateco	lemma	esteem, being valued
kunvojaĝi	lemma	travel together
korektaĵo	lemma	correction, corrected text
ekpovi	lemma	become able
foriradi	lemma	go away (repeatedly or at length)
siamaniere	lemma	in one's own way
semanto	lemma	sower
rozujo	lemma	rosebush
dormĉambro	lemma	bedroom
reflugi	lemma	fly back
disputema	lemma	quarrelsome, argumentative
rompigi	lemma	cause to break, break up
relerni	lemma	relearn
streĉeco	lemma	tension, tenseness
amindumanto	lemma	suitor, wooer
gardema	lemma	watchful, protective
malgrandaĵo	lemma	trifle, small matter
tramarŝi	lemma	march through, walk through
kunvivanto	lemma	companion, person living with one
sonĝado	lemma	dreaming
aprobanto	lemma	supporter, one who approves
plimalgrandiĝi	lemma	diminish, become smaller
moketi	lemma	tease gently, poke fun at
malfermegi	lemma	open wide
brulvundi	lemma	burn (injure by burning)
senmiksa	lemma	unmixed, pure
traductio	foreign		French 'traduction'
amkonfeso	lemma	declaration of love
sursalti	lemma	jump onto
efektivaĵo	lemma	reality, actual fact
glatiĝi	lemma	become smooth; go smoothly
maljuneta	lemma	elderly, oldish
vojaĝeto	lemma	short trip, excursion
perfektiĝadi	lemma	keep perfecting oneself, go on improving
foliaĵo	lemma	foliage
blovadi	lemma	keep blowing, blow steadily
ekdolori	lemma	begin to hurt
jarabono	lemma	annual subscription
ekpenso	lemma	sudden thought, idea
klakadi	lemma	keep clacking, clatter
gajhumora	lemma	cheerful, good-humoured
salutadi	lemma	keep greeting, greet repeatedly
subaŭdi	lemma	overhear
senbrueco	lemma	quietness, noiselessness
tragliti	lemma	slip through, glide through
ekpaliĝi	lemma	turn pale
manego	lemma	big hand
ekŝanceli	lemma	shake, make waver
nordokcidenta	lemma	north-western
germanlingva	lemma	German-language
ekipaĵo	lemma	equipment, outfit
oferti	lemma	offer (for sale or acceptance), tender
kunmetaĵo	lemma	compound, composite, composition
mekanika	lemma	mechanical
orientiĝi	lemma	orient oneself, find one's bearings
dulingva	lemma	bilingual
kritikanto	lemma	critic, one who criticises
una	foreign		Spanish/Italian 'una' (wp Spanish quotations); one Zamenhof line cites it as a non-word
ĉesigo	lemma	stopping, cessation, ending
elmigrinto	lemma	emigrant
reage	lemma	in reaction, in response
arboŝelo	lemma	tree bark
originaleco	lemma	originality
memstareco	lemma	independence, self-reliance
partopreninto	lemma	participant (one who took part)
komisiito	lemma	commissioner, delegate, agent
monbileto	lemma	banknote
rokaĵo	lemma	rock (material), rock formation
grupano	lemma	group member
armeestro	lemma	army commander
enkorpigo	lemma	embodiment, incarnation
anstataŭiĝi	lemma	be replaced
alkreski	lemma	grow onto, grow attached to
vivtenado	lemma	subsistence, livelihood
korektado	lemma	correcting, correction
fiulo	lemma	scoundrel, villain
reunuigi	lemma	reunite, reunify
plibonigado	lemma	improvement, improving
bruneta	lemma	brownish; brunette
junaĝa	lemma	young, youthful
valorega	lemma	very valuable, precious
vivotempo	lemma	lifetime
lernantaro	lemma	student body, pupils (collectively)
tempesto	lemma	tempest, storm
provincestro	lemma	provincial governor
muzikistaro	lemma	band of musicians
nekredanto	lemma	unbeliever
pligravigi	lemma	aggravate, make worse
asesoro	lemma	assessor
organizinto	lemma	organiser (one who organised)
grandnombre	lemma	in great numbers
kvarona	lemma	quarter (adj.), one-fourth
haŭtkoloro	lemma	skin colour
mondkonata	lemma	world-famous
ellaboraĵo	lemma	elaborated work, product of work
perilo	lemma	means, medium, instrument
esperantaĵo	lemma	Esperanto text, something in Esperanto
rokego	lemma	boulder, huge rock
landeto	lemma	small country
marmelado	lemma	jam, marmalade
superstari	lemma	stand above, tower over, surpass
neĝusta	lemma	incorrect
hirta	lemma	bristly, shaggy, bristling
antaŭeniĝi	lemma	advance, make progress
neregebla	lemma	uncontrollable, ungovernable
senpoveco	lemma	powerlessness, impotence
surĉevale	lemma	on horseback
malŝarĝi	lemma	unload
nepura	lemma	impure, unclean
germanino	lemma	German woman
enirpordo	lemma	entrance door
tradukadi	lemma	translate (habitually or at length)
sendormeco	lemma	insomnia, sleeplessness
informaĵo	lemma	piece of information
flugigi	lemma	send flying, let fly
descriptio	foreign		English 'description'
tambureto	lemma	small drum, tambourine
klakado	lemma	clacking, clatter
flatado	lemma	flattery
bongustaĵo	lemma	delicacy, tasty thing
ruzeco	lemma	cunning, slyness
fabrikaĵo	lemma	manufactured product
neĝkovrita	lemma	snow-covered
malklareco	lemma	unclarity, obscurity
refortigi	lemma	strengthen again, reinvigorate
rifuzadi	lemma	keep refusing
longiĝi	lemma	grow longer, lengthen
ekzekutejo	lemma	place of execution
enradikigi	lemma	implant, cause to take root
kleriĝi	lemma	become educated
forkonsumi	lemma	consume entirely, use up
kestego	lemma	large chest, trunk
kritikinda	lemma	worthy of criticism
litotuko	lemma	bedsheet
malvereco	lemma	falsity, untruthfulness
kunludanto	lemma	playmate, fellow player
senfenestra	lemma	windowless
malpure	lemma	dirtily, impurely
superpezi	lemma	outweigh; weigh heavily upon
elvagoniĝi	lemma	get off a train, alight
endormigi	lemma	put to sleep, lull to sleep
trovigi	lemma	cause to find, procure for
verdiĝi	lemma	turn green
kulereto	lemma	teaspoon
plorema	lemma	tearful, given to weeping
necesiĝi	lemma	become necessary
drinkema	lemma	given to drink, bibulous
senhelpeco	lemma	helplessness
trafali	lemma	fall through
knabeco	lemma	boyhood
komparinda	lemma	comparable, worth comparing
falĉisto	lemma	mower, reaper
fuŝulo	lemma	bungler, botcher
invitadi	lemma	keep inviting
pardonemo	lemma	forgivingness, clemency
donigi	lemma	have given, cause to be given
neagrabla	lemma	unpleasant, disagreeable
senpeza	lemma	weightless
ekmanki	lemma	begin to be lacking, run short
nelerta	lemma	clumsy, awkward
iranto	lemma	goer, passer-by
mallertaĵo	lemma	blunder, clumsy act
ordema	lemma	orderly, tidy
volema	lemma	willing
neforta	lemma	weak, not strong
ŝtonega	lemma	rocky, stony
komprenilo	lemma	means of understanding, medium of communication
multefoje	lemma	many times, often
persistado	lemma	persistence, persisting
sectio	foreign		English 'section'
lasadi	lemma	keep letting, keep leaving
multope	lemma	in numbers, as a group
senfadena	lemma	wireless
diĵona	proper-noun		adjective of the place name Diĵono (Dijon)
drapiraĵo	lemma	drapery
eksono	lemma	sounding (of a bell), first sound
fluegi	lemma	flow copiously, stream
okulumi	lemma	eye, ogle, cast glances at
atentege	lemma	very attentively
ellernebla	lemma	learnable
elpensadi	lemma	keep inventing, contrive
obstinulo	lemma	stubborn person
interkonsentigi	lemma	reconcile, bring into agreement
