aucune	foreign		French 'aucune'
avido	lemma	avidity, greed
belo	lemma	beauty
blovanto	lemma	blower
bojema	lemma	inclined to bark
deklaraĵo	lemma	declaration, statement
dikulino	lemma	fat woman
dormoĉapo	lemma	nightcap
duonmejle	lemma	half a mile away
ekfrapegi	lemma	strike violently
ekpleniĝi	lemma	fill up
embriiĝo	lemma	embryogenesis
englutigi	lemma	make swallow
farunbuleto	lemma	dumpling
filigo	lemma	filiation, adoption
flavhaŭtulo	lemma	yellow-skinned person (dated)
forlogiĝi	lemma	be lured away
gebete	foreign		German 'gebeten'
grenereto	lemma	small grain
grizega	lemma	very grey
hektometro	lemma	hectometre
helaĵo	lemma	bright light, glow
herbokovraĵo	lemma	grass cover, turf
herezulino	lemma	heretic (female)
histriono	lemma	histrion, actor
humorema	lemma	moody; good-humoured
iambo	lemma	iamb
informinto	lemma	informant
interkongresa	lemma	between congresses
kaleŝego	lemma	great coach
konsoliga	lemma	consoling
kontrolantaro	lemma	inspectorate, supervisors
kunvojaĝantino	lemma	(female) fellow traveller
landanaro	lemma	compatriots
laŭdestine	lemma	as destined
malbrava	lemma	cowardly
malfermanto	lemma	opener
malgrandnombra	lemma	few in number
malviviĝi	lemma	die
mezkreska	lemma	of medium height
mizeraĉa	lemma	wretched
mondreganta	lemma	world-ruling
mortverdikto	lemma	death sentence
multehoma	lemma	crowded
neĝventego	lemma	blizzard
pafilpafo	lemma	gunshot
pecetigi	lemma	cut into pieces
petolisto	lemma	prankster
plialteco	lemma	superiority
psalmokanto	lemma	psalm-singing
rabiĝi	lemma	become rabid
raŭkiĝi	lemma	become hoarse
recertigi	lemma	reassure
resolutio	foreign		English 'resolution'
revojo	lemma	return journey
samrasa	lemma	of the same race
senharaĵo	lemma	baldness, bald patch
seninda	lemma	unworthy
senrubigi	lemma	winnow, clean
torfaĵo	lemma	peat hut
trikvarone	lemma	three-quarters
tumi	ocr-artifact		'tumis sin'; OCR for turnis
vizitulino	lemma	Visitandine nun
ĝispinte	lemma	to the top
lajaro	ocr-artifact		'en lajaro'; OCR garble
ulo	fragment		'_konfitareum_'ulo'; jocular fragment
kontrabandulo	lemma	smuggler
fajroŝtalo	lemma	fire steel
vidulo	lemma	sighted person
orŝtofa	lemma	cloth-of-gold
altranĉado	lemma	tailoring, cutting out
probatali	lemma	fight for
kuproarmita	lemma	bronze-armed
meĉlampo	lemma	wick lamp
vulgarularo	lemma	the rabble
psalmokanti	lemma	chant psalms
sinjorido	lemma	young gentleman
anarego	lemma	horde
iingvo	ocr-artifact		lingvo with l misread
memoreco	lemma	memory (faculty)
horoloĝo	lemma	clock (variant of horloĝo)
povosciado	lemma	know-how, skill
predikateca	lemma	predicative
reĝidineto	lemma	little princess
kavernego	lemma	huge cave
renttitolo	lemma	bond, annuity certificate
ĉekano	lemma	Chekist
ŝtelpreni	lemma	steal
agodevo	lemma	duty to act
eknaski	lemma	give birth
filiga	lemma	foster (adj.)
kulpigato	lemma	accused person
lilikolora	lemma	lilac-coloured
malproksimegenĵetanta	inflection		participle epithet (far-shooting)
monpapereto	lemma	small banknote
rapidenaĝanta	inflection		participle epithet (swift-sailing)
sledeto	lemma	small sledge
surboato	lemma	onto a boat
terenporti	lemma	carry ashore
zonumo	lemma	belt, girdle
ĉambelanino	lemma	lady-in-waiting
blankharulo	lemma	white-haired man
bonmoreco	lemma	good morals
dogmano	lemma	dogmatist
elementulo	lemma	elementary-level person
enfluadi	lemma	keep flowing in
falgliti	lemma	slip and fall
invitaĵo	lemma	invitation card
kortuŝegeco	lemma	deep emotion
lnternacia	ocr-artifact		Internacia with I misread
malfidelulino	lemma	unfaithful woman
malriĉegeco	lemma	extreme poverty
naztuketo	lemma	handkerchief
posteniri	lemma	follow
rekonti	ocr-artifact		'rekontis'; typo for renkontis
ruĝmantelulo	lemma	red-cloaked man
spiraĵo	lemma	breath, exhalation
terurinda	lemma	terrible
akvosimila	lemma	water-like
alnaĝadi	lemma	swim up to
aventuristino	lemma	adventuress
bakhantino	lemma	bacchante
balancarko	lemma	rocker (of a chair)
bokuzino	lemma	cousin-in-law
bovookula	lemma	ox-eyed
circonstanco	ocr-artifact		misspelling of cirkonstanco
ejkro	lemma	acre
ekarmi	lemma	arm, equip
elkonfido	lemma	confiding, trust
esli	ocr-artifact		'eslis'; OCR for estis
folipunto	lemma	leaf lace, lacy leaf
frenezegulo	lemma	raving madman
fumpotĉapelo	lemma	stovepipe hat
hejmporti	lemma	carry home
hodiaŭvespere	lemma	this evening
hundgardisto	lemma	dog keeper
ineto	fragment		'fianĉineton' garbled
iomvorte	lemma	in a few words
kalumniinto	lemma	slanderer
kamparanaĉo	lemma	boor, peasant (pejorative)
krako	lemma	crack, crash
kremfromaĝo	lemma	cream cheese
liberkredano	lemma	freethinker
malalligi	lemma	untie
marhaba	foreign		Arabic 'marhaba'
monfunto	lemma	pound (money)
morthalti	lemma	stop dead
oferito	lemma	sacrificed person
postĉaso	lemma	pursuit
povoscio	lemma	skill, know-how
prikonsenti	lemma	agree to
rapidapieda	lemma	swift-footed
reforti	lemma	restore strength
rodeto	lemma	small roadstead, cove
safirkolora	lemma	sapphire-coloured
senteraro	lemma	landless people
tense	foreign		English 'tense'
tiaulo	lemma	such a person
tondronĵetanta	inflection		participle epithet (thunder-hurling)
ĉifonularo	lemma	ragged crowd
ŝipboato	lemma	ship's boat
aliecigi	lemma	alienate
altnobelo	lemma	high noble
alŝultrigi	lemma	shoulder
antaŭeniĝadi	lemma	keep advancing
antaŭvestiblo	lemma	outer vestibule
aŭgustanino	lemma	Augustinian nun
bedaŭrindulino	lemma	poor woman
beninda	lemma	blessed, worthy of blessing
blankmura	lemma	white-walled
bonaranĝita	lemma	well-arranged
cikatrigi	lemma	heal, scar over
decidtone	lemma	decisively
drivaĵo	lemma	driftwood, flotsam
ekkisi	lemma	kiss
eksplodadi	lemma	keep exploding
ekvundi	lemma	wound
etcerba	lemma	small-brained
falpuŝiĝadi	lemma	keep stumbling
flustraĵo	lemma	whisper, rumour
forelkonduki	lemma	lead out
forrenversi	lemma	overturn, remove
fulmosimila	lemma	lightning-like
glavmortigi	lemma	put to the sword
harfendemulo	lemma	hair-splitter
herzliche	foreign		German 'herzlichen'
hufumeto	lemma	small horseshoe
imperialismema	lemma	imperialist-minded
interparolato	lemma	interlocutor
kanajleto	lemma	little rascal
kunkurso	lemma	race, contest
kutimadi	lemma	get used to
kuzeto	lemma	little cousin
lignotranĉisto	lemma	woodcutter
maldankulino	lemma	ungrateful woman
malvivulino	lemma	dead woman
moko	lemma	mockery
mortepala	lemma	deathly pale
multmembreco	lemma	large membership
obeemeco	lemma	obedience
ofthe	foreign		English 'of the'
okulejo	lemma	eye socket
oritaĵo	lemma	gilding
permense	lemma	mentally
piedbare	lemma	by tripping
pintego	lemma	spire, great point
preterkutima	lemma	unusual
puŝĉaro	lemma	handcart, barrow
rebruo	lemma	echo, reverberation
sveneco	lemma	faintness
transtibra	lemma	Transtiberine
vipbato	lemma	whiplash
virego	lemma	great man
zonaĵo	lemma	sash, belt
ĉielana	lemma	heavenly
ĉirkaŭrigardadi	lemma	keep looking around
ĉiuranga	lemma	of every rank
ŝancema	lemma	lucky
porvivaĵo	lemma	livelihood
flugilfrapado	lemma	wingbeating
naturprotektejo	lemma	nature reserve
princepiskopejo	lemma	prince-bishopric
