monotipa	lemma	monotypic
vostoplumo	lemma	tail feather
nestumi	lemma	nest
taksono	lemma	taxon
setli	lemma	settle
rezervejo	lemma	reserve; reservoir
flaveca	lemma	yellowish
restaŭrado	lemma	restoration
alfluanto	lemma	tributary
transportreto	lemma	transport network
minado	lemma	mining
flugilplumo	lemma	wing feather
senarbarigo	lemma	deforestation
akademiulo	lemma	academic, academician
strieca	lemma	streaked
estrarano	lemma	board member
financado	lemma	financing
arealo	lemma	area, range
kinejo	lemma	cinema
vitejo	lemma	vineyard
fervojlinio	lemma	railway line
kanopeo	lemma	canopy
ruĝecbruna	lemma	reddish brown
bruneca	lemma	brownish
enspezofonto	lemma	source of income
rezistado	lemma	resistance
interagado	lemma	interaction
survivi	lemma	survive
reloĝado	lemma	resettlement, repopulation
novjorka	lemma	New York (adj.)
fokusiĝi	lemma	focus
strieco	lemma	streaking
budhismo	lemma	Buddhism
karakteriziĝi	lemma	be characterised
senjorlando	lemma	seigneury, lordship
klerismo	lemma	the Enlightenment
koloniigo	lemma	colonisation
ekosistemo	lemma	ecosystem
aŭtoŝoseo	lemma	motorway
televidserio	lemma	television series
futbala	lemma	football (adj.)
integriĝo	lemma	integration
trajnlinio	lemma	train line
poŝtaŭtolinio	lemma	postbus line
oficperiodo	lemma	term of office
habitatoperdo	lemma	habitat loss
sonregistraĵo	lemma	sound recording
monogama	lemma	monogamous
buslinio	lemma	bus line
genronomo	lemma	genus name
partnereco	lemma	partnership
senjorujo	lemma	seigneury, manor
centralo	lemma	power station, central
ekgravi	lemma	become important
videoludo	lemma	video game
biodiverseco	lemma	biodiversity
irigacio	lemma	irrigation
ekozono	lemma	ecozone
teatrejo	lemma	theatre (building)
deklivaro	lemma	slopes
palearktisa	lemma	Palearctic
uzino	lemma	factory, works
maljuniĝo	lemma	ageing
senvertebrulo	lemma	invertebrate
bazlernejo	lemma	primary school
kampuso	lemma	campus
visigoto	lemma	Visigoth
bombado	lemma	bombing, bombardment
doktoriĝo	lemma	obtaining a doctorate
pariĝado	lemma	mating
duformismo	lemma	dimorphism
forstado	lemma	forestry
setlanto	lemma	settler
averaĝo	lemma	average
predado	lemma	predation
elnestiĝi	lemma	fledge, leave the nest
akvejo	lemma	body of water
gitaristo	lemma	guitarist
pruvaro	lemma	body of evidence
subvosta	lemma	undertail
sciaro	lemma	body of knowledge
sovetunia	lemma	Soviet (of the Soviet Union)
dateno	lemma	datum
protestantisma	lemma	Protestant
decidua	lemma	deciduous
frankisma	lemma	Francoist
sukcedanto	lemma	successor
submunicipo	lemma	sub-municipality
naturrezervejo	lemma	nature reserve
superokula	lemma	supercilious (above the eye)
scenaristo	lemma	screenwriter
klado	lemma	clade
franciskana	lemma	Franciscan
instalado	lemma	installation
ovaro	lemma	clutch (of eggs)
amaskomunikilaro	lemma	mass media
ekoprovinco	lemma	ecoprovince
ekonomikisto	lemma	economist
akvorezervejo	lemma	reservoir
enkadre	lemma	within the framework
aktorado	lemma	acting
nestoloko	lemma	nesting site
trafikvojo	lemma	traffic route
komplekseco	lemma	complexity
jariĝo	lemma	anniversary, birthday
glaciepoko	lemma	ice age
aplikaĵo	lemma	application (software)
lokulo	lemma	local (person)
konservostatuso	lemma	conservation status
kultivaĵo	lemma	crop
episkopujo	lemma	diocese, bishopric
subkontinento	lemma	subcontinent
stokejo	lemma	storehouse, warehouse
morisko	lemma	Morisco
surdiskigi	lemma	record (on disc)
terorisma	lemma	terrorist
foliarbaro	lemma	broadleaf forest
adaptaĵo	lemma	adaptation
rekonkeri	lemma	reconquer
transpreno	lemma	appropriation, takeover
diskeldonejo	lemma	record label
flugilkovrilo	lemma	wing covert
benediktana	lemma	Benedictine
subflugilo	lemma	underwing
samspecia	lemma	conspecific
nematurulo	lemma	immature (bird), juvenile
setliĝi	lemma	settle
okulringo	lemma	eye-ring
helenisma	lemma	Hellenistic
arondismento	lemma	arrondissement
stirpo	lemma	stock, lineage
makuleca	lemma	spotty, mottled
irigacia	lemma	irrigated, irrigation (adj.)
neotropisa	lemma	Neotropical
dimorfismo	lemma	dimorphism
diplomiĝo	lemma	graduation
produktoro	lemma	producer (film)
rekuperiĝi	lemma	recover
komponistino	lemma	(female) composer
latinamerika	lemma	Latin American
konstruiti	inflection		passive form malkonstruitis (konstrui)
forkoforma	lemma	forked
florplanto	lemma	flowering plant
urbokerno	lemma	town centre
nomumiĝi	lemma	be appointed
senloĝigo	lemma	depopulation
eseisto	lemma	essayist
krudmaterialo	lemma	raw material
divorci	lemma	divorce
haŭtaĵo	lemma	skin (bare skin area)
humidejo	lemma	wetland
ceramikaĵo	lemma	ceramic ware
budhisma	lemma	Buddhist
artefakto	lemma	artefact
terorismo	lemma	terrorism
deportado	lemma	deportation
stokado	lemma	storage
karbonatomo	lemma	carbon atom
duvorta	lemma	two-word, binomial
kontribuanto	lemma	contributor
hidrogenatomo	lemma	hydrogen atom
plantospecio	lemma	plant species
sidlokema	lemma	sedentary (non-migratory)
biokemia	lemma	biochemical
klerikaro	lemma	clergy
divorco	lemma	divorce
fenologio	lemma	phenology
katastra	lemma	cadastral
legitimeco	lemma	legitimacy
reproduktejo	lemma	breeding ground
konstrumaterialo	lemma	building material
retablo	lemma	retable, altarpiece
arkiepiskopo	lemma	archbishop (variant of ĉefepiskopo)
malaltebenaĵo	lemma	lowland plain
kunordigo	lemma	coordination
foruo	lemma	fuero, charter of privileges
pluvokvanto	lemma	rainfall
nomumiti	inflection		passive form nomumitis (nomumi)
sekseco	lemma	sexuality
integriĝi	lemma	integrate
akvobaraĵo	lemma	dam
nordia	lemma	Nordic
informaro	lemma	body of information
rekonkero	lemma	reconquest
urborajto	lemma	town rights, town charter
uzebli	lemma	be usable
produktejo	lemma	production site
bronzverda	lemma	bronze-green
originiĝi	lemma	originate
trejniĝi	lemma	train
samseksema	lemma	homosexual
romantismo	lemma	Romanticism
ŝtataneco	lemma	citizenship, nationality
ĝenado	lemma	disturbance
konstrulaboro	lemma	construction work
ununava	lemma	single-nave
ekvalidi	lemma	come into force
kaliflando	lemma	caliphate
ekspoziciejo	lemma	exhibition hall
nestumado	lemma	nesting
humanitara	lemma	humanitarian
subsahara	lemma	sub-Saharan
starigiti	inflection		passive form starigitis (starigi)
mezlerneja	lemma	secondary-school
kineja	lemma	cinema (adj.)
komputado	lemma	computing
kultado	lemma	cult, worship
ekonomika	lemma	economic (of economics)
vivmedio	lemma	living environment
pluteni	lemma	keep, retain
reproduktulo	lemma	breeder
subŝtata	lemma	state (of a federation)
neregistara	lemma	non-governmental
adaptado	lemma	adaptation
alikonstruo	lemma	rebuilding, alteration
mallongtempe	lemma	shortly, briefly
ĉampioneco	lemma	championship
prezentisto	lemma	performer
teroristo	lemma	terrorist
celebrado	lemma	celebration
malfondo	lemma	dissolution
prezidenteco	lemma	presidency
arbotruo	lemma	tree hole
teritoriema	lemma	territorial
pinaro	lemma	pine forest
kantoteksto	lemma	lyrics
totalisma	lemma	totalitarian
nestotruo	lemma	nest hole
romantisma	lemma	Romantic
aktivisto	lemma	activist
templano	lemma	Templar
bekobazo	lemma	base of the bill
tutmondiĝo	lemma	globalisation
superspecio	lemma	superspecies
ĵazmuzikisto	lemma	jazz musician
muzikgrupo	lemma	band, music group
montarbaro	lemma	mountain forest
klasifikado	lemma	classification
novgotika	lemma	neo-Gothic
evoluiĝi	lemma	develop, evolve
mortopuno	lemma	death penalty
impostado	lemma	taxation
socialdemokratia	lemma	social-democratic
testado	lemma	testing
poŝtelefono	lemma	mobile phone
blueca	lemma	bluish
habilitiĝi	lemma	habilitate (qualify as lecturer)
identigebla	lemma	identifiable
nearktisa	lemma	Nearctic
kaptiveco	lemma	captivity
