slug	name	country	first	last	complete
a_semente	A Semente	Brazilo	2000	2001	no
aaiebulteno	Kvaronjara bulteno de AAIE	Usono	1968	1994	no
abc	ABC	Brazilo	1986	1994	no
abundana_frakcio_sat	Bulteno de Abundana Frakcio en SAT	Francio	1963	1973	no
adresaro_esperantistoj_kiuj_ellernis_la_lingvon	Adresaro de la personoj, kiuj ellernis la lingvon "Esperanto"	Pollando	1889	1908	no
adresaro_hef	Adresaro (HEF)	Hispanio	1957	1962	no
aeu_bulteno	AEU-Bulteno (Andaluzia)	Hispanio	1984	1987	no
afrika_esperantisto	Afrika Esperantisto	Togolando			no
afrikaj_kongresoj_de_esperanto_ake	Afrikaj Kongresoj de Esperanto (AKE)	Togolando			no
afrikarevuo_maroko	Afrika Revuo (Maroko)	Maroko	1947	1947	no
afrikume	Afrikume	Svislando	2006	2007	no
agadojihlava	Agado Jihlava	Ĉeĥio	1961		yes
akademio_laborista_esperanto	Oficiala Bulteno de La Akademio Laborista "Esperanto"	Hispanio	1933	1933	no
akke	Amsterdama Kunlabora Komitato Esperantista (AKKE)	Nederlando	1966	1988	no
aktivameriko	AktivAmeriko	Usono	1998	2003	no
aktualakomputiko	Aktuala Komputiko	Francio	1985	1985	no
aktualesejm	Aktuale SEJM	Rusio	1973		no
albanaesperantisto	Albana Esperantisto	Albanio	1991	1994	no
alvikara	Al Vi Kara	Japanio	1976	2003	no
americanesperantomagazine	The American Esperanto Magazine	Usono	1949	1967	no
amerikaesperantisto	L’ Amerika Esperantisto	Usono	1906	1931	no
amikarondo_silezia	Amika Rondo	Pollando	1988		no
amikeco_kolektantoj	Amikeco (Kolektanto-Klubo)	Germanio	1924	1926	no
amikeco_sovetia	Amikeco (Sovetia)	Estonio	1961	1984	no
amsterdama_pioniro	Amsterdama Pioniro	Nederlando	1907	1908	no
amsterdamakatedro	La Amsterdama Katedro	Nederlando	2009	2016	no
anarkio	Anarkio	Brazilo	2010	2012	no
andajondoj	Andaj Ondoj	Kolombio	1983	1996	no
anonca_bulteno	Anonca Bulteno	Germanio	1924	1925	no
antauen_camaguey	Antaŭen Camaguey	Kubo	1997	1997	no
antauen_paco_kaj_justeco	Antaŭen / Paco kaj Justeco	Belgio	1941	1947	no
antauenesperantistoj	Antauen Esperantistoj	Peruo	1903	1916	no
antauxenaviles	Antaŭen Grupo Avilés	Hispanio	1988	2008	no
anton_balague	Antón Balagué	Hispanio	1979	1992	no
arbetar_esperantisten	Arbetar Esperantisten	Svedio	1941	1954	no
argentinaesperantisto	Argentina Esperantisto	Argentino	1917	1943	no
argentinaevento	Argentina E-Vento	Argentino	1996	2008	no
arguso	Arguso	Meksiko	1921	1926	no
armenaesperantisto	Armena Esperantisto	Armenio	1958	1958	no
asistilo	Asistilo		1989	2000	no
asistilo_hejmoj	Asistilo. Hejmoj	Francio	1993	2001	no
astronomia_almanako	Astronomia Almanako	Israelo	2000	2002	no
ateismo	Ateismo	Usono	1988	2009	no
australiajesperantistoj	Aŭstraliaj Esperantistoj	Aŭstralio	2011		no
austria_esperanto_raporto	Aŭstria Esperanto Raporto	Aŭstrio	1922		no
austriaesperantisto	Aŭstria Esperantisto	Aŭstrio	1924	1938	no
auto_revuo	Aŭto-Revuo	Belgio	1965	1967	no
auxstriaesperantorevuo	Aŭstria Esperanto-Revuo	Aŭstrio	1946	2000	no
avanco	Avanco	Kubo	1989	2002	no
aveno	Aveno	Irlando	1984	2007	no
babilanto	Babilanto	Togolando	2012	2016	no
balkanaverdastelo	Balkana Verda Stelo	Bosnio	2015	2017	no
bazaro	Bazaro	Rumanio	1997	2009	no
belarto	Belarto	Nederlando	1958	1961	no
beletra_edeno	Beletra Edeno	Ĉinio	2024	Nuntempe	no
belga_katoliko	Belga Katoliko	Belgio	1911	1914	no
belgaesperantisto	Belga Esperantisto	Belgio	1908	1961	yes
belgasonorilo	La Belga Sonorilo	Belgio	1902	1914	no
belinformas	BEL Informas	Brazilo	1983	1985	no
beneluksaesperantisto	Beneluksa esperantisto	Belgio	1953	1953	no
beogradaverdastelo	Beograda - Verda Stelo	Serbio	2006	2009	no
bet_informilo	BET informilo	Litovio			no
bet_kongreso	Ĉiutaga gazeto de BET Kongreso	Litovio	2007	2007	no
bibliarevuo	Biblia revuo	Italio	1964		no
bibliografiagazeto	Bibliografia gazeto	Hungario	1933	1933	no
birdo	Birdo	Nederlando	1959	1964	no
bohemaesperantisto	Bohema esperantisto (Český esperantista)	Ĉeĥio	1902	1912	no
bohemarevuoesperantista	Bohema Revuo Esperantista (Časopis českých esperantistů)	Ĉeĥio	1907	1914	no
boletim_informativo_cbe	Boletim Informativo Conselho Brasileiro de Esperanto	Brazilo	1975	1986	no
boletin_eco	Boletín E.C.O	Argentino	1948	1954	no
boletinhef	Boletín	Hispanio	1949	1977	no
bona_espero	Bona Espero	Germanio	1985	1990	no
bona_espero_sudafriko	Bona Espero (Sudafriko)	Sud-Afriko	1964	2006	no
bonavolo	Bona Volo	Brazilo	1950	2008	no
bosnia_lilio	Bosnia Lilio	Bosnio	2006	2006	no
brazila_heroldo	Brazila Heroldo	Brazilo	1993	1995	no
brazila_katoliko	Brazila Katoliko	Brazilo	1980	1985	no
brazila_kroniko	Brazila Kroniko	Brazilo	1978	1980	no
brazila_revuo_esperantista	Brazila Revuo Esperantista	Brazilo	1906	1908	no
brazilaesperantisto	Brazila Esperantisto	Brazilo	1908	1934	no
brazilei	Brazilei	Brazilo	2006	2009	no
britaesperantisto	La Brita Esperantisto	Britio	1905	1939	no
budapeshta_informilo	Budapeŝta Informilo	Hungario	1970	1990	no
bulgara_esperantisto	Balgarski Esperantista (Bulgara Esperantisto)	Bulgario	1907	1907	no
bulgaraesperantisto	Bulgara Esperantisto	Bulgario	1919	2006	no
bulgario_turisma_informo	Bulgario-turisma informo	Bulgario	1972	1981	no
bulletin_de_la_section_de_propagande_de_la_ligue_belge	Bulletin de la Section de Propagande de la Ligue Belge	Belgio	1914	1914	no
bulteneto	La Bulteneto	Aŭstrio	2017		no
bulteno_austria_fervojisto	Bulteno. Aŭstria Fervojisto	Aŭstrio	1956	2000	no
bulteno_austria_ifef	Bulteno (Aŭstria sekcio IFEF)	Aŭstrio	1982	1996	no
bulteno_de_albana_esperanto_instituto	Bulteno de Albana Esperanto-Instituto	Albanio			no
bulteno_de_appk	Bulteno de A.P.P.K.	Belgio	1929	1929	no
bulteno_de_asocio_de_verduloj_esperantistaj_ave_hispanio	Bulteno de Asocio de Verduloj Esperantistaj (AVE)- Hispanio	Hispanio			no
bulteno_de_austria_esperantista_federacio	Bulteno de Aŭstria Esperantista Federacio	Aŭstrio	1936	1946	no
bulteno_de_barcelona_stelo	Bulteno de Barcelona Stelo	Hispanio	1912	1914	no
bulteno_de_iga	Bulteno de IGA	Slovenio			no
bulteno_de_ilei	Bulteno de I.L.E.I.	Brazilo			no
bulteno_de_internacia_labor_oficejo	Bulteno de Internacia Labor-Oficejo	Svislando	1923	1932	no
bulteno_de_la_sovetlanda_esperantista_unio_rusa	Bulteno de la Sovetlanda Esperantista Unio (Rus/Eo)	Rusio	1926	1928	no
bulteno_de_libera_penso	Bulteno de Libera Penso	Francio	1908	1914	no
bulteno_de_reu	Bulteno de REU	Rusio	1995	2000	no
bulteno_de_sovetlanda_esperantista_unio	Bulteno de Sovetlanda Esperantista Unio	Rusio	1927	1933	no
bulteno_eld_esperantista_klubo_brno_cscz_1976_1978	Bulteno. Eld. Esperantista Klubo. Brno (CS/CZ), 1976-1978	Ĉeĥio	1976	1978	no
bulteno_gepatra	Bulteno Gepatra	Germanio	1948	1963	no
bulteno_jogo_en_esperanto	Bulteno. Jogo en Esperanto	Danio	1994	1994	no
bulteno_praha	Bulteno de Esperantista Klubo en Praha	Ĉeĥio	2014	Nuntempe	no
bultenodereu_ponto	Bulteno de REU / Ponto	Rusio	1995	2000	no
bultenogefa	Bulteno (Germana Esperanta Fervojista Asocio)	Germanio	1952	1989	no
bultenoisae	Bulteno de ISAE	Bosnio	1927	1991	no
bultenolondona	Bulteno (Londona eldono)	Britio	1960	2006	no
bultenomadridaesperantoklubo	Bulteno de Madrida Esperanto-Klubo	Hispanio	1955		no
bultenoteks	Bulteno de TEKS	Rusio	1911	1914	no
cahiers_de_gresillon_les	Cahiers de Grésillon, Les	Francio	1958	1958	no
centramerikaesperantisto	Centramerika Esperantisto	Gvatemalo	1906	1906	no
cerbe_kaj_kore	Cerbe kaj kore	Rusio	1990	2000	no
chae_vestnik_bulteno	ĈAE. Vestnik. Bulteno	Ĉeĥio	1929	1929	no
chehhoslovaka_gazeto	Ĉeĥoslovaka Gazeto	Ĉeĥio	1921	1923	no
chielarka_standardo	Ĉielarka Standardo	Pollando	1936	1937	no
chiesrevuino	Ĉies-revuino	Hispanio	1985	1985	no
china_fervojisto	Ĉina Fervojisto	Ĉinio			no
circular	Circular	Hispanio	1964	1967	no
cirkulero_esperanto_vereinigung_deutscher_lehrer_evdl	Cirkulero. Esperanto-Vereinigung Deutscher Lehrer (EVDL)	Germanio	1964	1972	no
cirkulero_svisa	Svisa Esperanto-Societo Cirkulero	Svislando	1927	1930	no
citta_nuova_nova_urbo	Cittá Nuova. [Nova Urbo]	Italio	1961	1961	no
concorde	Concorde	Francio	1963	1976	no
dana_fervojisto	Dana Fervojisto	Danio	1993	2007	no
danaesperantisto	Dana Esperanto-Bulteno. Dansk Esperanto-Blad	Danio	1967	1972	no
danlando	Danlando	Danio	1912	1913	no
dansk_esperanto_blad	Dansk Esperanto Blad	Danio	1928	1961	no
dansk_esperanto_tidende	Dansk Esperanto-Tidende	Danio	1939	1943	no
defa_bulteno	DEFA-Bulteno	Danio	1948	1962	no
dia_regno	Dia Regno	Germanio	1908	1998	no
dialogo	Dialogo	Brazilo	1975		no
dio_benu	Dio Benu	Ĉeĥio	1991	2005	no
diskutkajeroj_uea	Diskutkajeroj (UEA)	Nederlando	1998		no
eab_updateghisdate	EAB-Update/Ĝisdate	Britio			no
ehho	Eĥo	Danio	1972	1991	no
eko_esperiga_komuniko	Esperiga/Estrara Komuniko (EKO)	Nederlando			no
ekonomia_egaleco	Ekonomia Egaleco	Nederlando	1947	1954	no
eksportjhurnalo	Eksport-Ĵurnalo	Germanio	1907	1907	no
eksterrete	Eksterrete	Belgio			no
ekumenismo	Ekumenismo	Italio	1985	2000	no
el_correo_del_esperanto	El Correo del Esperanto	Hispanio			no
el_japana_lando_kaj_popolo	El japana lando kaj popolo	Japanio	1953	1953	no
el_popola_chinio	El Popola Ĉinio	Ĉinio	1950	2008	no
elbutlletiesperantosabadell	El Butlletí de l’Esperanto	Hispanio	1984	2000	no
elliberecanavidpunkto	El Liberecana Vidpunkto	Hispanio			no
enigmo	Enigmo	Francio	1990	1993	no
esperanta_abelo	Esperanta Abelo	Italio	1907	1912	no
esperanta_finnlando	Esperanta Finnlando	Finnlando	1965	1976	no
esperanta_psikistaro	Esperanta Psikistaro	Belgio	1910	1911	no
esperanta_turisto	Esperanta Turisto	Slovenio	1939	1969	no
esperantafajrero	Esperanta Fajrero	Bulgario	1985	1991	no
esperantaligilo	Esperanto Ligilo	Ukrainio			no
esperantanumismatiko	Esperanta Numismatiko	Belgio	2014		yes
esperantarubriko	Esperanta Rubriko	Hispanio	1910	1911	no
esperantic_studies	Esperantic Studies	Kanado	1991	2005	no
esperantist_de	Esperantist, De	Belgio	1948	1969	no
esperantist_der	Esperantist, Der	Germanio	1930	1931	no
esperantista	Esperantista	Ĉeĥio	1946	1951	no
esperantista_junularo	Esperantista Junularo	Ĉeĥio	1920	1924	no
esperantista_marsejlano	Esperantista Marsejlano	Francio	1995	1995	no
esperantista_movado	Esperantista Movado	Rusio	1920	1921	no
esperantista_poshkalendaro	Esperantista Poŝkalendaro	Germanio	1908	1910	no
esperantistavegetarano	Esperantista Vegetarano	Slovakio	1993	2007	no
esperantistder	Der Esperantist	Germanio	1965	1990	yes
esperantiste_catholique_l	Espérantiste Catholique L’	Francio	1910	1915	no
esperantisten_verbandes	* Landesleitung Steiermark des Österr. Esperantisten-Verbandes =	Aŭstrio	1949	1951	no
esperantisto_chinio	Esperantisto (Ĉinio)	Ĉinio	1987	2008	no
esperantistoslovaka	Esperantisto Slovaka	Slovakio	1946	2007	no
esperanto-uea	Esperanto (UEA)	Nederlando	1905	Nuntempe	no
esperanto_94_la_verda_stelo	Esperanto-94. La Verda Stelo	Francio			no
esperanto_95	Esperanto-95	Francio	1989	1995	no
esperanto_airut_esperanto_heroldo	Esperanto-Airut (Esperanto-Heroldo)	Finnlando	1945	1946	no
esperanto_aktuala	Esperanto Aktuala	Belgio	1977	1994	no
esperanto_aktuell	Esperanto-Aktuell	Germanio	1970	Nuntempe	no
esperanto_and_the_un	Esperanto and the UN	Usono			no
esperanto_au_plateau	Esperanto au Plateau	Belgio			no
esperanto_bulteno_de_pollando	Esperanto-Bulteno de Pollando	Pollando	1945	1946	no
esperanto_dokumentoj	Esperanto-Dokumentoj	Nederlando	1976	1988	no
esperanto_en_azio_kaj_oceanio	Esperanto en Azio kaj Oceanio	Japanio	1990	2006	no
esperanto_en_bavario	Esperanto en Bavario	Germanio	1974	1975	no
esperanto_en_belgio	Esperanto en Belgio	Belgio	1980	1988	no
esperanto_en_indonezio	Esperanto en Indonezio	Indonesio			no
esperanto_en_marche_l_au_esperanto_en_marche	Esperanto en Marche, L’ aŭ Esperanto en Marche	Belgio	1969	2006	no
esperanto_fervojisto	Esperanto-Fervojisto	Francio	1966	2007	no
esperanto_ief	L’ Esperanto (IEF)	Italio	1906	2006	no
esperanto_ile_de_france	Espéranto Íle-de-France	Francio	1957	2000	no
esperanto_info_fr	Esperanto-info (FR)	Francio	2005	2009	no
esperanto_info_kea	Esperanto*Info (KEA)	Hispanio	1980	1983	no
esperanto_informilo_berlino_brandenburgio	Esperanto-Informilo Berlino-Brandenburgio	Germanio			no
esperanto_jezyk_miedzynarodowy	Esperanto Jezyk Miedzynarodowy	Pollando			no
esperanto_kibosha	Esperanto-Kiboŝa	Japanio	1930	1933	no
esperanto_kurier	Esperanto-Kurier	Germanio	1950	1953	no
esperanto_noticias_bel	Esperanto Notícias (BEL)	Brazilo	1979	1985	no
esperanto_noticias_chilio	Esperanto Noticias (Ĉilio)	Ĉilio			no
esperanto_novajhoj_esperanto_niews	Esperanto-Novaĵoj-Esperanto Niews	Belgio	1965	1986	no
esperanto_nytt	Esperanto-Nytt	Norvegio	1959	1997	no
esperanto_panorama	Esperanto Panorama	Belgio	1970	1990	yes
esperanto_panoramo	Esperanto-Panoramo	Germanio	1970	1973	no
esperanto_por_un	Esperanto Por UN	Usono			no
esperanto_post	Esperanto-Post	Germanio	1948	1953	no
esperanto_praktiko	Esperanto-Praktiko	Germanio	1919	1931	no
esperanto_pyrenees	Espéranto-Pyrénées	Francio	1979	2002	no
esperanto_ruslando	Esperanto (Ruslando)	Rusio	1905	1905	no
esperanto_servo	Esperanto-Servo	Ĉeĥio	1948	1951	no
esperanto_triumfanta_brazilo	Esperanto Triumfanta (Brazilo)	Germanio	1922	1922	no
esperanto_turismo	Esperanto-Turismo	Belgio	1967	1969	no
esperanto_uutiset	Esperanto-Uutiset	Finnlando	1925	1930	no
esperantoactualites	Esperanto-Actualités	Francio	1967	2006	no
esperantoc	EsperantOC	Germanio	1996	1998	no
esperantocu	Esperanto.cu	Kubo			no
esperantoenafriko	Esperanto En Afriko	Nederlando	2006	2007	no
esperantoendanio	Esperanto en Danio	Danio	1994		no
esperantoenskotlando	Esperanto en Skotlando	Britio	1947	2006	no
esperantoetcroixrouge	Esperanto et Croix-rouge	Francio	1910		no
esperantofako	Esperanto Fako	Hispanio			no
esperantogazetoegu	Esperanto Gazeto – Esperanto Gruppe Unterweser	Germanio	2001		no
esperantogazetoioe	Esperanto Gazeto (IOE)	Serbio	1968	1972	no
esperantohamburg	Esperanto Hamburg	Germanio	1990	2005	no
esperantointernacia	Esperanto Internacia	Britio	1936	1947	no
esperantolando	Esperanto-Lando	Usono	1929	1935	no
esperantolehti	Esperantolehti	Finnlando	1988	2008	no
esperantologio_uppsala	Esperantologio - Esperanto studies : EES (Uppsala)	Svedio	1999		no
esperantoreview	Esperanto Review	Usono	1953	1962	no
esperantosublasudakruco	Esperanto sub la Suda Kruco	Aŭstralio	1993	2006	no
esperantotriumfonta_koln	Esperanto Triumfonta	Germanio	1920	1941	no
esperantousa	Esperanto USA	Usono	1990	2008	no
esperantovendee	Espéranto Vendée / Sat-Amikaro Esperanto 85	Francio	1995	Nuntempe	yes
espero_com_cn	Espero.com.cn	Ĉinio	2005		no
espero_kleriga	Espero (Kleriga Ligo)	Rusio	1908	1908	no
esperokatolika	Espero Katolika	Francio	1903	2006	no
esperopacifista	Espero Pacifista	Francio	1905	1908	no
estlanda_esperantisto	Estlanda Esperantisto	Estonio	1908	1908	no
esto	Esto	Svedio	1950	1988	no
eta_heroldeto	Eta Heroldeto	Aŭstralio	1941	1952	no
etnismo	Etnismo	Germanio	1972	2016	no
europabulteno	Eŭropa bulteno	Italio	2000	2008	no
europadokumentaro	Eŭropa Dokumentaro	Belgio	1974	2007	no
europaunio	Eŭropa Unio	Eŭropa Unio	1962	2000	no
europo	Eŭropo	Belgio	1965	1969	no
euskakverko	Eŭska Kverko	Hispanio	1991	1997	no
eventoj	Eventoj	Hungario	1992	2002	no
evoluo	Evoluo	Kolombio	1983	1986	no
fajrero	Fajrero	Ĉeĥio	1959	1961	no
familiaesperanto	Familia Esperanto	Nederlando	1994	2011	no
fanzeranto	Fanzeranto	Brazilo	2010	2017	no
farolito_mexico	Faro-Lito (México)	Meksiko			no
femina	Femina	Italio	2005	2008	no
fenikso	FEN’X / Fenikso	Nederlando	1996	2008	no
fenikso_argentina	Fenikso (Argentina)	Argentino	1989	1997	no
fervojaesperantisto	Fervoja Esperantisto	Germanio	1910	Nuntempe	no
fervojfakajkajeroj	Fervojfakaj kajeroj	Germanio	1992	2003	yes
fervojisto	La Fervojisto (1923-1930)	Kroatio	1923	1930	no
fidokajespero	Fido kaj Espero	Hispanio	1968	1968	no
finna_esperantisto	Finna Esperantisto	Finnlando	1907	1914	no
flandra_katoliko	Flandra Katoliko	Belgio	1935	1988	no
flandra_studanto	Flandra Studanto	Belgio	1939	1940	no
flandraesperantisto	Flandra Esperantisto	Belgio	1929	1961	no
flava_rivero	Flava Rivero	Ĉinio	2017	Nuntempe	no
fletero_nederlando	FLEtero (Nederlando)	Nederlando			no
fokuso	Fokuso	Svedio	1967	1976	no
fokuso_scienca	Fokuso (Scienca)	Hungario	1987	1988	no
fonto	Fonto	Brazilo	1980	2007	no
formozafolio	Formoza Folio	Tajvano	2005		no
forstista_informilo	Forstista Informilo	Germanio	1981	2003	no
forumo_lsg	Forumo (LSG)	Germanio	1973	2007	no
foto_revuo_internacia	Foto-Revuo Internacia	Francio	1906	1907	no
franca_katolika_esperantisto	Franca Katolika Esperantisto	Francio	1947	2003	no
franca_mem_informilo	Franca MEM-Informilo	Francio	1991	1993	no
francaesperantisto	Franca Esperantisto / Revue Française d'Esperanto	Francio	2001	2007	no
franceesperanto_1915	France Esperanto (1915)	Francio	1915	1924	no
frateco	Frateco	Pollando	1908	1909	no
fresho	Freŝo	Pollando			no
gaja_haveno	Gaja Haveno	Brazilo			no
gaja_planedo	Gaja Planedo	Kubo			no
gazeto_andaluzia_1910	Gazeto Andaluzia (1910)	Hispanio	1910	1910	no
gazeto_andaluzia_nova	Gazeto Andaluzia (ekde 1984)	Hispanio	1984	Nuntempe	no
gazetohispana	Gazeto hispana	Hispanio	1911		no
gea_informa	GEA Informa	Brazilo			no
gej_gazeto	GEJ-Gazeto	Germanio	1979	1999	no
generalitat_de_catalunya	Generalitat de Catalunya	Hispanio	1937	1938	no
gento_esperanto	Gento-Esperanto	Belgio	1913	1914	no
geografia_revuo	Geografia Revuo	Slovenio	1956	1964	no
geologio_internacia	Geologio Internacia	Ĉeĥio	1968	1990	no
gepatra_bulteno	Gepatra Bulteno	Britio	1967	1969	no
germana_esperanto_revuo	Germana Esperanto-Revuo	Germanio	1948	1978	no
germanaesperantisto	Germana Esperantisto	Germanio	1905	1935	no
ghenerala_ligo_de_la_blinduloj_de_flandrujo	Ĝenerala Ligo de la Blinduloj de Flandrujo	Belgio	1928	1929	no
gheneralainformilobec	Ĝenerala informilo - Barcelona Esperanto-Centro	Hispanio	1977	1984	no
globusoj	Globusoj	Francio	2012		no
grupa_vivo	Grupa Vivo	Belgio	1938		no
hace	Horizonto De Afrika Centro Esperantista (HACE)	Demokratia Respubliko Kongo			no
harca_esperanto_kuriero	Harca-Esperanto-Kuriero	Germanio	1959	2009	no
hef_bulteno	HEF-bulteno	Hispanio			no
hejs	HEJS	Hispanio	1959	1979	no
hejsjuneco	HEJS-Juneco	Hispanio	1980	1990	no
heleco	Heleco	Hispanio	1976	Nuntempe	no
heleco_verdakolombejo	Heleco (VerdaKolombejo)	Hispanio	1953	1954	no
helena_esperantisto	Helena Esperantisto	Grekio	1936	1970	no
heliko	Heliko	Kroatio	1983	1988	no
heljanto	Heljanto	Ukrainio	2002	2002	no
herezulo	Herezulo	Francio	1935	1936	no
heroldo_de_chinio	Heroldo de Ĉinio	Ĉinio	1939	1944	no
heroldochinio	Heroldo de Ĉinio	Ĉinio	1939	1942	no
heroldoesperanto	Heroldo de Esperanto	Svislando	2007	2023	no
heroldohel	Heroldo de HEL	Japanio	1988	2008	no
hesinformilo	HES Informilo	Germanio	1924	1990	no
hhina_esperanta_scienca_literatura_revuo	Ĥina-Esperanta Scienca Literatura Revuo	Ĉinio	1909	1910	no
hindaesperantisto	Hinda Esperantisto	Indonesio	1925	1934	no
hindujo	Hindujo	Belgio	1933	1935	no
hispana_esperanto	Hispana Esperanto	Hispanio	1928	1930	no
hispana_kongreso_de_esperanto_kongreslibro	Hispana Kongreso de Esperanto. Kongreslibro	Hispanio	1922	2009	no
hispanaesperantisto	Hispana Esperantisto	Hispanio	1917	1923	no
hispanaesperantogazeto	Hispana Esperanto-Gazeto	Hispanio	1931	1936	no
hispanajarlibroesperantista	Hispana jarlibro esperantista	Hispanio	1905	1910	no
historia_revuo	Historia Revuo	Nederlando			no
holanda_esperantisto	Holanda Esperantisto	Nederlando	1922	1931	no
holland_express	Holland Express	Nederlando	1908	1911	no
homaro_hispanio	Homaro	Hispanio	1913	1921	no
homeco	Homeco	Bulgario	1925	1925	no
homo_kaj_kosmo	Homo kaj kosmo	Kroatio	1963	1984	no
horizontaal	Horizontaal	Belgio	1991	Nuntempe	yes
horizonto_de_soveta_litovio	Horizonto de Soveta Litovio	Litovio	1970	1987	no
horizonto_jurbarkas	Horizonto (Jurbarkas)	Litovio			no
horizonto_nem	Horizonto (NEM)	Hispanio	1976	1987	no
hungara_fervojista_mondo	Hungara Fervojista Mondo	Hungario	1957	2008	no
hungara_informilo	Hungara Informilo	Hungario	1991	1991	no
hungara_studento	Hungara Studento	Hungario	1910	1912	no
hungaraesperantisto	Hungara Esperantisto	Hungario	1909	1973	no
hungaravivo	Hungara Vivo	Hungario	1961	1990	no
iberiaesperantistarevuo	Iberia esperantista revuo	Hispanio	1931	1931	no
iberio_esperanto	Iberio-Esperanto / La Komunista Iberio	Hispanio	1990	1990	no
icem	I.C.E.M. Esperanto	Francio	1976	2002	no
idealo	Idealo	Italio	1906	1907	no
idioma_internacional	Idioma Internacional	Urugvajo	1945	1952	no
iku_internacia_kongresa_universitato	IKU-Internacia Kongresa Universitato	Nederlando	2000	2007	no
ilerabulteno	ILERA bulteno	Hungario	1970	2008	no
impulso	Impulso	Brazilo	1979	1993	no
indonesia_perspektivo	Indonesia PerspEktivo	Nederlando			no
indoneziaesperantisto	Indonezia Esperantisto	Indonesio	1958	1961	no
informa_bulteno	Informa Bulteno	Belgio	1932	1935	no
informa_bulteno_ase	Informa Bulteno (ASE)	Rusio	1989		no
informa_bulteno_cnt_fai	Informa Bulteno (CNT/FAI)	Hispanio	1936	1938	no
informa_bulteno_organo_de_mehhlena_esperantista_grupo	Informa Bulteno. Organo de Meĥlena Esperantista Grupo	Belgio	1935	1935	no
informa_bulteno_uea	Informa Bulteno (UEA)	Svislando	1944	1946	no
informabulteno_bes	Informa bulteno de la "Barcelona Esperanta Societo" (B.E.S.)	Hispanio	1922		no
informabultenobolonja	Informa Bulteno (Bolonja)	Italio	1952	2002	no
informabultenofoirobrno	Informa Bulteno de la Foiro en Brno	Ĉeĥio	1965	1967	no
informacije_informoj_sel	Informacije Informoj (SEL)	Slovenio	1995	2007	no
informado_el_vjetnamio	Informado el Vjetnamio	Vjetnamio	1969	1975	no
informilano	Informilano	Italio	1951	2006	no
informilo	Informilo	Bulgario	1980	1981	no
informilo_de_chel	Informilo de ĈEL	Ĉinio			no
informilo_de_germana_esperanto_asocio	Informilo de Germana Esperanto-Asocio	Germanio	1979	1989	no
informilo_de_ikek	Informilo de IKEK	Britio			no
informilo_de_juna_suno	Informilo de Juna Suno	Hispanio	1990	1991	no
informilo_de_la_barcelona_esperanta_societo	Informilo de la Barcelona Esperanta Societo	Hispanio	1927	1928	no
informilo_de_ligo_de_katolikaj_esperantistoj_en_chehhoslovakujo	Informilo de Ligo de Katolikaj Esperantistoj en Ĉeĥoslovakujo	Ĉeĥio	1930	1938	no
informilo_de_okcident_kaj_orient_flandrujo	Informilo de Okcident- kaj Orient-Flandrujo	Belgio	1950	1951	no
informilo_de_zamenhof_instituto	Informilo de Zamenhof-Instituto	Hispanio	1933	1937	no
informilo_fel	Informilo (FEL)	Belgio	1977	1992	no
informilo_handikapuloj	Informilo (Handikapuloj)	Ĉeĥio	1999	2006	no
informilo_ikue	Informilo (IKUE)	Belgio			no
informilo_kara_amiko	Informilo. Kara Amiko	Pollando			no
informilo_lauzana_esperanto_societo	Informilo. Laŭzana Esperanto-Societo	Svislando	2001	2001	no
informilo_por_lingvistikoj_ipi	Informilo Por Lingvistikoj (IPI)	Nederlando			no
informilogxemelajurboj	Informilo de Ĝemelaj Urboj	Ĉinio	2002	2010	no
informilomadrida	Informilo (Madrida)	Hispanio	1953	1953	no
informleterovinilkosmo	Informletero de Vinilkosmo	Francio		2005	no
informojaustriakatolikaligoesperantista	Informoj por la anoj de la Austria Katolika Ligo Esperantista	Aŭstrio	1914	1932	no
informoleterorondoharmonia	Informo-Letero de Rondo Harmonia	Japanio	2003		no
inko	InKo	Brazilo	1972	2014	no
inter_ni	Inter Ni	Germanio	1927	1932	no
inter_ni_dirite_ind	Inter ni dirite (IND)	Norvegio	1977	2008	no
interfratigho	Interfratiĝo	Belgio	1986	1991	no
interlingvistika_informa_servo	Interlingvistika Informa Servo	Germanio	1957	1984	no
interna_informilo_de_sorokaba_esperanto_klubo	Interna informilo de Sorokaba Esperanto-Klubo	Brazilo	1981	1994	no
internacia_jura_revuo	Internacia Jura Revuo	Hungario	1966	1987	no
internacia_komerco	Internacia Komerco	Svislando	1923	1924	no
internacia_lingvo	Internacia Lingvo	Hispanio	1991		no
internacia_medicina_revuo	Internacia Medicina Revuo	Francio	1923	1928	no
internacia_medicino_1911	Internacia Medicino (1911)	Germanio	1911		no
internacia_polica_bulteno	Internacia Polica Bulteno	Francio	1911	1936	no
internacia_radio_revuo	Internacia Radio*-Revuo	Francio	1926	1927	no
internacia_socia_revuo	Internacia Socia Revuo	Svislando	1906	1920	no
internaciabulteno_milito	Internacia Bulteno	Germanio	1914	1919	no
internaciafervojisto	Internacia Fervojisto – Bulteno IFEF	Germanio	1948	2008	yes
internaciajhurnalisto	Internacia Ĵurnalisto	Bulgario	1957	2004	no
internaciakomercarevuo	Internacia Komerca Revuo	Svislando	1919	1922	no
internaciakulturo	Internacia Kulturo	Bulgario	1946	1952	no
internaciasciencarevuo	Internacia Scienca Revuo	Svislando	1906	1923	no
internaciistobroshurakek	Internaciisto (Broŝura Servo)	Aŭstrio	1974	1982	no
internaciistokek	Internaciisto (KEK)	Hispanio	1993	2008	no
internationallanguage	International language	Britio	1924	1931	no
interni_malagasio	Inter Ni (Malagasio)	Madagaskaro	1996	1998	no
interni_novskotio	Inter ni	Kanado	1986	2005	no
intershangha_bulteno	Interŝanĝa Bulteno	Svislando	1912	1928	no
ipr	Internacia Pedagogia Revuo	Belgio	1970	2008	no
iranaesperantisto	Irana Esperantisto	Irano	2002	2008	no
irejobulteno	IREJO Bulteno	Irano	1994	1997	no
isk	I.S.K	Germanio	1929	1933	no
israela_esperantisto	Israela Esperantisto	Israelo	1973	2005	no
italaesperantarevuo	Itala Esperanto-Revuo	Italio	1913	1931	no
italafervojisto	Itala Fervojisto / La Fervojisto	Italio	1951	2006	no
japanaesperantisto	Japana Esperantisto	Japanio	1906	1919	no
jen_barcelono	JEN (Barcelono)	Hispanio	1909	1910	no
jen_jongerenesperantoniuews	Jongeren Esperanto Nieuws (JEN)	Belgio	1977	2001	no
jes_sed	Jes, sed	Kroatio	1972	1975	no
jeunesperantoinfo	Jeun.Esperanto.Info	Francio	1993	2006	no
jhurnalisto_chinio	Ĵurnalisto (Ĉinio)	Ĉinio	1947		no
jhurnalistotejha	La Ĵurnalisto/TEĴA-informilo	Svedio	1947	1953	no
jornal_da_lbv	Jornal da LBV	Brazilo			no
jugoslavia_esperantisto	Jugoslavia Esperantisto	Serbio	1957		no
juna_samideano	Juna Samideano	Pollando	1931	1932	no
junaalumeto	Juna alumeto	Kanado	1995	1998	no
junaamiko	Juna Amiko	Hungario	1972	2009	yes
junaesperantisto_beletristika	Juna Esperantisto (Beletristika)	Svislando	1903	1914	no
junaesperantisto_pl	JunaEsperantisto (Polando)	Pollando	1933	1934	no
juneco	Juneco	Hispanio	1980	1980	no
jura_semajno	Jura Semajno	Hispanio			no
juratribunointernacia	Jura Tribuno Internacia	Hispanio	2007	1998	no
kaeinformilo	K.A.E. Informilo	Hispanio	1986	2007	no
kajeroellasudo	Kajeroj el la Sudo	Hispanio	1988	2006	no
kajeroj	Kajeroj	Serbio	1963	1968	no
kalejdoskopo	Kalejdoskopo	Britio	1972	1981	no
katalunaesperantisto	Kataluna esperantisto	Hispanio	1910		no
katholiek_esperanto	Katholiek Esperanto	Belgio	1934	1935	no
katolika_esperantisto	Katolika Esperantisto	Hispanio	1957	2007	no
katolika_sento	Katolika Sento	Italio	1922	2023	no
katolikamondo	Katolika Mondo	Germanio	1921	1928	no
katolikavivo	Katolika Vivo	Francio	1931	1934	no
kaukaza_esperantisto	Kaŭkaza Esperantisto	Kartvelio	1910	1912	no
kce	K.C.E	Svislando	1987		no
kerno_cirkulero	KERNO-Cirkulero	Nederlando			no
kies_timema_plumo	Kies timema plumo	Britio	1908	1908	no
kio	KIO?	Hispanio	1988	1996	no
kk	Kongresa kuriero / bulteno / komuniko	Nederlando	1908	2002	no
klasbatalo	Klasbatalo	Nederlando	1938	1950	no
kluba_bulteno_klubo_esperantista_en_oslo	Kluba Bulteno (Klubo Esperantista en Oslo)	Norvegio			no
koentjiesperanto	Koentji Esperanto (Esperanto Ŝlosilo)	Malajzio	1931		no
koktelo	Koktelo	Rusio			no
kolego	Kolego	Germanio	1992	1995	no
kolektado	Kolektado	Hispanio	1978	1981	no
komace	Komunikoj de Afrika Centro Esperantista (KomACE)	Togolando	2006	2006	no
komencanto	Komencanto	Rusio	1998	2008	no
komerca_bulteno	Komerca Bulteno	Germanio	1911	1911	no
komerco_kaj_industrio	Komerco kaj Industrio	Francio	1914	1914	no
kometo_1924	Kometo (1924)	Hispanio			no
kometo_ghuo	Kometo (ĜUO)	Hispanio	2025	Nuntempe	no
kompro	Komputila Rondo (KompRo)	Germanio	1986	1994	no
komuna_esperanto_gazeto	Komuna Esperanto Gazeto	Nederlando	1969	1986	no
komunikojspiritismo	Komunikoj	Brazilo			no
komunista_esperanta_biblioteko	Komunista Esperanta Biblioteko	Rusio			no
koncize	Koncize	Belgio	1967	2007	no
konga_stelo	Konga Stelo	Ugando	2024	Nuntempe	no
kongreso_de_esperanto_en_kansajo_kek	Kongreso de Esperanto en Kansajo (KEK)	Japanio			no
konsolanto-gazetobaes	Konsolanto / Gazeto de BAES	Brazilo	2021	2023	no
konstruado_kajero_tek	KONSTRUADO-Kajero (TEK)	Francio			no
konstruforumo	KonstruForumo (KoFo)	Ĉeĥio	2005	2012	no
kontakto	Kontakto	Nederlando	1963	2009	no
kooperativa_stelo_ks	Kooperativa Stelo (KS)	Hungario	1981	1998	no
kooperativismo	Kooperativismo	Brazilo	1957		no
kornumo	Kornumo	Usono			no
kosmo	Kosmo	Ĉinio	1986		no
kosmos	Kosmos	Danio	1995	2006	no
kovnoesperanto	Kovno-Esperanto	Litovio	1911	1914	no
kresko	Kresko	Usono	1983	1987	no
kristana_frataro	Kristana Frataro	Britio	1947	1955	no
kristana_revuo	Kristana Revuo	Britio	1927	1939	no
kroata_esperantisto	Kroata Esperantisto	Kroatio	1909	2007	no
kulturaj_kajeroj	Kulturaj Kajeroj	Francio	1958	2009	no
kune	Kune	Aŭstrio	1999	2009	no
kune_tutmonde	KUNE (Tutmonde)	Hispanio	1993	1993	no
kunlabori	Kunlabori	Hispanio	1996	1997	no
kuspe	Kuspe	Hispanio	1989	1996	no
kvinpetalo	Kvinpetalo (SYM) Novaĵletero	Francio			no
l_esperantista_vivo	L’Esperantista Vivo	Belgio			no
l_esperanto_comercialise	L'Esperanto Comercialisé	Belgio	1902	1908	no
l_esperanto_quindicinale	L’ Esperanto. (Quindicinale, Italio)	Italio	1939	1939	no
la_algheria_stelo	La Alĝeria Stelo	Alĝerio	1905	1906	no
la_amikoj_de_saint_omer	La Amikoj de Saint-Omer	Francio			no
la_angheva_folio	La Anĝeva Folio	Francio			no
la_apro	La Apro	Japanio	1977	2009	no
la_bela_mondo	La Bela Mondo	Germanio	1908	1909	no
la_blanka_rozo	La Blanka Rozo	Britio	1946	2007	no
la_brita_esperantisto	La Brita Esperantisto	Britio	1974	2007	no
la_cenachero	La Cenaĉero	Hispanio	1983	1986	no
la_cirkulero_tours	La Cirkulero (Tours)	Francio			no
la_distro	La Distro	Aŭstrio	1950	1951	no
la_duonmonata	La Duonmonata	Germanio	1909	1910	no
la_egipta_esperantisto	La Egipta Esperantisto	Egiptio	1944	1949	no
la_eklezia_revuo	La Eklezia Revuo	Britio	1913	1923	no
la_etulo	La Etulo	Francio	1928	1930	no
la_fera_lupo	La Fera Lupo	Litovio			no
la_folio	La Folio	Svedio	1931	2001	no
la_gazeto	La Gazeto	Francio	1985	2009	no
la_grilo	La Grilo	Hispanio	1983	1991	no
la_harmonio	La Harmonio	Japanio	1994	2009	no
la_heroldo	La Heroldo	Belgio			no
la_hodiaua_jhurnalo	La Hodiaŭa Ĵurnalo		2016	2018	no
la_infanaro	La Infanaro	Japanio			no
la_infanoj_de_la_mondo	La Infanoj de la Mondo	Japanio	1954	1958	no
la_informilo	La Informilo	Francio	1950	1963	no
la_interligilo	La Interligilo	Francio	1922	1997	no
la_jhurnalisto_budapest	La Ĵurnalisto (Budapest)	Hungario	1925	1925	no
la_juna_batalanto	La Juna Batalanto	Germanio	1926	1934	no
la_juna_ideo	La Juna Ideo	Belgio	1936	1939	no
la_junuloj	La Junuloj	Japanio	1992	2006	no
la_kalesho	La Kaleŝo	Japanio	1957	1981	no
la_karavelo	La Karavelo	Portugalio	2007	2012	no
la_kokcinelo	La Kokcinelo	Francio			no
la_komerco	La Komerco	Germanio	1929	1936	no
la_konfidenciulo	La Konfidenciulo	Germanio	1910	1913	no
la_kordova_esperantisto	La Kordova Esperantisto	Hispanio			no
la_kosmo_japanio	La Kosmo (Japanio)	Japanio	1933	1937	no
la_kvodlibeto	La Kvodlibeto	Hispanio	1987	1988	no
la_lampiro_japanio	La Lampiro (Japanio)	Japanio	1971	2007	no
la_letero_esperanto_angers	La Letero (Espéranto Angers)	Francio			no
la_libera_esperantisto	La Libera Esperantisto	Germanio	1956	1978	no
la_liberecana_sintezo	La Liberecana Sintezo	Francio	1936	1939	no
la_liberpensulo	La Liberpensulo	Francio	1954	1957	no
la_libersociano	La Libersociano	Germanio	1952	1959	no
la_lumo_orienta	La Lumo Orienta	Japanio	1931	1937	no
la_lumturo	La Lumturo	Germanio	1923	1923	no
la_mano	La Mano	Hispanio	1987	1988	no
la_meksika_lumturo	La Meksika Lumturo	Meksiko	1904	1905	no
la_merkato_ikef	La Merkato (IKEF)	Japanio	1984	2009	no
la_mevo	La Mevo	Japanio	1992		no
la_modera_vocho_de_indonezia_uea	La Modera Voĉo de Indonezia U.E.A.	Indonesio			no
la_mondo_chinio	La Mondo (Ĉinio)	Ĉinio	1911	1936	no
la_movado_japanio	La Movado (Japanio)	Japanio	1951	2007	no
la_nova_tago	La Nova Tago	Germanio	1925	1936	no
la_pacaktivulo	La Pacaktivulo	Ĉeĥio	1963	1994	no
la_parohha_foljo	La Paroĥa Foljo	Hispanio			no
la_pirato	La Pirato	Francio	1933	1935	no
la_ponto	La Ponto	Germanio	1934	1934	no
la_ponto_esperanto_post	La Ponto (Esperanto-Post)	Belgio	1948	1953	no
la_progreso	La Progreso	Belgio	1973	2003	no
la_rumana_fervojisto	La Rumana Fervojisto	Rumanio	1996	1996	no
la_sageto_sat_amikaro	La Sageto (SAT-Amikaro)	Francio	2024	2024	no
la_sago_rusio	La Sago (Rusio)	Rusio	1913	1914	no
la_senshtatano	La Senŝtatano	Francio	1946	1955	no
la_sperto	La Sperto	Indonesio	1935	1936	no
la_spritulo	La Spritulo	Germanio	1908	1911	no
la_stelo_de_loriento	La Stelo de l’Oriento (The Star of the East)	Barato	1907	1908	no
la_suda_stelo	La Suda Stelo	Slovenio	1932	1973	no
la_suno_pacifika	La Suno Pacifika	Japanio	1991	2002	no
la_torontano	La Torontano	Kanado	1977	1997	no
la_tradukisto	La Tradukisto	Islando	1989	2007	no
la_tribune_esperantiste	La Tribune Espérantiste	Francio	1930		no
la_unuigita_tuthomaro	La Unuigita Tuthomaro	Germanio	1919	1933	no
la_verda_chenero	La Verda Ĉenero	Francio	1974	1991	no
la_verda_lupeo	La Verda Lupeo	Belgio	1965	2003	no
la_verda_ombro	La Verda Ombro	Tajvano	1919	1992	no
la_verda_triskelo	La Verda Triskelo	Francio			no
la_verdastelo_nederland	La Verda Stelo (Esperanto Nord-Nederland)	Nederlando	1953	2007	no
la_vivo_universala	La Vivo Universala	Francio	1934	1935	no
la_vocho_de_izraelo	La Voĉo de Izraelo	Belgio	1946	1971	no
la_vocho_de_l_kongreso	La Voĉo de l' Kongreso	Svislando			no
la_vocho_de_ume	La Voĉo de U.M.E	Madagaskaro			no
la_vojo	La Vojo	Nederlando	1935	1941	no
la_vojo_de_klerigo	La Vojo de Klerigo	Ukrainio	1926		no
laborista_bulteno	Laborista bulteno	Svislando			no
laboristaesperantisto	Laborista Esperantisto	Nederlando	1928	1968	no
ladeksepa	La dek-sepa	Francio	1910	1914	no
laesperantisto1889	La Esperantisto	Germanio	1889	1895	no
laespero_elkoreio	La Espero el Koreio	Koreio	1976		no
laespero_svenska	La espero (Svenska)	Svedio	1913	2006	no
lahelahirundo	La Hela Hirundo	Hispanio	1987	1996	no
lajunapenso	La juna penso	Francio	1954	1997	no
lajunavivo	La Juna Vivo	Nederlando	1934	1956	no
lakrokodil	La Krokodil’	Francio	1993	2006	no
lalampiro	La Lampiro (Brazilo)	Brazilo	1960	2003	no
lalanterno1965	Lanterno	Germanio	1965	1971	no
lalanternoazia	La lanterno azia	Koreio	1975	2007	no
laleteroakademioesperanto	La letero de l’Akademio de Esperanto	Francio			no
lamarto	La Marto / Marto	Aŭstrio	1910	1933	no
lamigranto	La migranto	Svislando	1950	2005	no
lanaskafasko	La NASKa fasko	Usono	2008		no
laondodeesperanto	La Ondo de Esperanto	Rusio	1909	2010	no
lapacifikakuriero	La pacifika kuriero	Rusio	2000	2006	no
lapartionova	La Partio Nova	Italio	1991	1993	no
lapioniro_thepioneer	La Pioniro (The Pioneer)	Barato	1906	1907	no
lapraktiko	La praktiko	Nederlando	1932	1970	no
laprogreso_cs	La Progreso	Ĉeĥio	1918	1935	no
laprogreso_jugoslavia	La Progreso (Jugoslavia)	Serbio	1954	1961	no
larevuo1906	La Revuo	Francio	1906	1913	no
larevuoorienta	La Revuo Orienta	Japanio	1920	1940	no
lariverego	La Riverego	Kanado	1986	1997	no
larondo	La rondo	Aŭstralio	1940	1957	no
lasago_satamikaro	La SAGO (SAT-Amikaro)	Francio			no
lasemisto	La semisto	Hispanio	1919	1928	no
lasepstelaurbo	La sepstela urbo	Hispanio	1955	1961	no
lasocialisto	La Socialisto	Aŭstrio	1926	1934	no
lasperto_indonezio	La Sperto	Indonesio	1935	1936	no
lasudakruco	La Suda Kruco	Argentino	1920	1937	no
lasunohispana	La Suno Hispana	Hispanio	1904	1927	no
latinamerika_esperantisto	Latinamerika Esperantisto	Kubo	1916	1917	no
latinigo	Latinigo	Japanio	1936	1936	yes
latorcho	La Torĉo	Hispanio			no
lauokaza_novajhletero	Laŭokaza Novaĵletero	Britio	1984	2006	no
laute	Laŭte!	Francio	1973	2004	no
laverdalumo	La Verda Lumo (Ŝanhaja eldono)	Ĉinio	1922	1934	no
laverdasago	La verda sago	Ĉilio	1978	1979	no
lavivo	La vivo	Nederlando	1946	1951	no
le_informilo_antverpena	LE Informilo (Antverpena)	Belgio			no
leag_magazino	LEA/G-Magazino	Germanio	1978	2002	no
legi_la_esperanto_gironde_informilo	LEGI (La Esperanto-Gironde Informilo)	Francio	1985	Nuntempe	no
lemonde_esperanto_france	Le Monde de l’ Esperanto	Francio	2001	2009	no
leontodo	Leontodo	Japanio	1953	1989	no
lesperantiste1898	L’Esperantiste (1898)	Francio	1898	1908	no
letravailleuresperantiste	Le Travailleur Esperantiste / La Esperantista Laboristo	Francio	1920	1985	no
liberalaboristo	Libera Laboristo	Nederlando	1925	1931	no
liberecana_ligilo	Liberecana Ligilo	Francio	1969	1999	no
libero	Libero	Bulgario	1925	1926	no
liberpensulo	Liberpensulo	Germanio	1924	1927	no
librovermeto	Librovermeto	Belgio	1984	1985	no
ligilo_bel	Ligilo (BEL)	Brazilo	1986	1994	no
ligilo_de_la_una	Ligilo de la U.N.A.	Francio			no
ligilo_por_vidantoj	Ligilo por vidantoj	Svedio	1925	1939	no
limburgaj_esperanto_novajhoj	Limburgs Esperanto News. Titolvarianto: Limburgs Esperanto-Nieuws.  Limburgaj Esperanto-Novaĵoj	Belgio	1976	1980	no
lingva	Lingva	Brazilo	1987	1990	no
lingva_kritiko	Lingva Kritiko	Germanio	1932	1935	no
lingvo_cosmopolita	Lingvo Cosmopolita	Svislando	1912	1913	no
lingvo_ponto_au_lingvoponto	Lingvo-Ponto aŭ Lingvoponto	Finnlando	1972	1974	no
lingvointernacia1895	Lingvo Internacia	Svedio	1895	1914	no
lingvointernacia1925rusio	Международный язык (Lingvo Internacia)	Rusio	1925	1936	no
literatura_foiro	Literatura Foiro	Svislando	1970	Nuntempe	no
literatura_informilo	Literatura Informilo	Germanio	1924	1930	no
literatura_vivo	Literatura Vivo	Kanado			no
literaturaaldono_lingvointernacia	Literatura Aldono (de Lingvo Internacia)	Svedio	1905	1908	no
literaturamondo	Literatura Mondo	Hungario	1922	1949	no
literaturo	Literaturo	Usono	1919	1925	no
literaturo1930	Literaturo	Svedio	1930	1930	no
litova_esperanto_gazeto_lego	Litova Esperanto-Gazeto (LEGo)	Litovio			no
litovastelo	Litova Stelo	Litovio	1914	2007	no
litovio_hodiau	Litovio hodiaŭ	Litovio	1987	1988	no
lkk	La KancerKliniko	Francio	1976	2007	no
londona_esperanto_klubo	Londona Esperanto-Klubo	Britio	1962	2007	no
lumo_bulgara	Lumo (Bulgara)	Bulgario	1906	1912	no
lumo_kanado	Lumo (Kanado)	Kanado	1958	2007	no
lumo_montrealo	La Lumo (Kanado)	Kanado	1962	2007	no
lumturo_belgio	Lumturo (Belgio)	Belgio	1980	1982	no
malbabelo	Malbabelo	Germanio	1994	1998	no
malgranda_revuo	Malgranda Revuo	Svedio	1943	1952	no
matematiko_translimen_iadem	Matematiko Translimen (IAdEM)	Francio	1976	2021	no
matenrugho	Maten-Ruĝo	Nederlando	1945	1965	no
mededelingen_voor_den_vlaamschen_esperantist	Mededelingen voor den Vlaamschen Esperantist	Belgio	1941	1941	no
medicina_internacia_revuo	Medicina Internacia Revuo	Japanio	1962	2007	no
medicina_revuo	Medicina Revuo	Japanio	1951	1963	no
mem_sekcio_hispana_anton_balague	MEM Sekcio Hispana Antón Balagué	Hispanio	1979	1993	no
mezmarastelo	Mezmara Stelo	Malta	1979	2008	no
mikrofone_chinio	Mikrofone (Ĉinio)	Ĉinio	2004	2004	no
militanta_ateismo	Militanta Ateismo	Rusio	1931	1935	no
mirmekobo	Mirmekobo	Aŭstralio	2008		no
modernahumoro	Moderna humoro	Germanio	1911	1991	no
momenton	Momenton!	Brazilo	2003	2008	no
monata_bulteno	Monata Bulteno	Pollando	1927	1927	no
monata_informilo_de_esperanta_klubo_en_charleroi	Monata informilo de Esperanta Klubo en Charleroi	Belgio			no
monatechevi	Monate ĉe vi	Hispanio	1985	2007	no
monato	Monato	Belgio	1980	2007	no
monda_kulturo	Monda Kulturo	Nederlando	1962	1966	no
monda_poshto	Monda Poŝto	Svislando	1908	1931	no
monda_revuo	Monda Revuo	Aŭstrio	1950	1950	no
mondaforumo	Monda Forumo	Germanio	1991	1997	no
mondasolidareco	Monda solidareco	Francio	1983	1987	no
mondcivitano	Mondcivitano	Francio	1955	1955	no
mondcivitano2005	Mondcivitano	Brazilo	2005		no
monde_diplomatique_le	Monde diplomatique, Le	Francio			no
mondo	Mondo	Belgio			no
mondsindikatisto	Mondsindikatisto	Belgio	1995	1995	no
moskvaj_novajhoj	Moskvaj Novaĵoj	Rusio			no
motnaip_ludo	Motnaip-ludo	Hispanio	1989	1993	no
movado_finlando	Movado (Finlando)	Finnlando	1923	1924	no
muziko	Muziko	Bulgario	1974	1999	no
muzilo	Muzilo	Pollando	1964	1985	no
naturista_vivo	Naturista Vivo	Usono	1961	2009	no
naturkuracado	Naturkuracado	Koreio	1991	2006	no
nederlanda_esperantisto	Nederlanda Esperantisto	Nederlando	1932	1968	no
nia_esperanto_pakistano	Nia Esperanto (Pakistano)	Pakistano	2021		no
nia_espero	Nia Espero	Belgio	1961	1971	no
nia_folieto	Nia Folieto	Belgio	1918	1920	no
nia_gazeto	Nia Gazeto	Francio	1934	1938	no
nia_informilo	Nia Informilo	Belgio	1929	1937	no
nia_revueto	Nia Revueto	Germanio	1932	1936	no
niabulteno	Nia Bulteno	Portugalio			no
niaorgano_indonezio	Nia Organo	Indonesio	1936	1940	no
niaponto	Nia ponto	Hispanio	1987	Nuntempe	no
niavivo	Nia vivo	Hispanio	1931		no
niavochodiamantogrupo	Nia voĉo (Diamanto-Grupo)	Hispanio	1967	1968	no
niavochomadrido	Nia voĉo (Madrido)	Hispanio	1975	2009	no
nicaliteraturarevuo	La Nica Literatura Revuo	Francio	1955	1962	no
nichiuj	Ni ĉiuj	Meksiko	2008	1998	no
nord_atena_bulteno	Nord-Atena Bulteno	Francio	1977	1995	no
norda_gazeto	(La) Norda Gazeto	Francio	1908	1914	no
norda_kuriero	Norda Kuriero	Francio			no
norda_stelo	Norda Stelo	Litovio	1934		no
nordaprismo	Norda prismo	Svedio	1955	1993	no
nordfranca_esperantisto	Nordfranca Esperantisto	Francio	1936	1939	no
nordhungariainformo	Nordhungaria informo	Hungario	2005	2010	no
normanda_esperanto_bulteno	Normanda Esperanto-Bulteno	Francio	1947	Nuntempe	yes
norvegaesperantisto	Norvega Esperantisto	Norvegio	1910	2007	no
notizieesperantiste	Notizie Esperantiste	Italio	1908	1909	no
nova_europo	Nova Eŭropo	Ĉeĥio	1921	1923	no
nova_fronto	Nova Fronto	Japanio	1946	2005	no
nova_sento_in_rete	Nova Sento in Rete	Italio	1998	2025	no
nova_sento_uberlandia	Nova Sento (Uberlandia)	Brazilo	1947		no
nova_vojo	Nova Vojo	Japanio	1964	2009	no
novaekonomiapolitiko	Nova ekonomia politiko	Germanio	1926	1927	no
novaepoko	La Nova Epoko. Literatur-Scienca Aldono	Francio	1932	1933	no
novajhletero	Novaĵletero	Belgio	1983	1985	no
novajhoj_tamtamas	Novaĵoj Tamtamas	Japanio	1987	Nuntempe	no
novaprovo	Nova provo	Nederlando	1991	1998	no
novasentobilbao	Nova sento (Bilbao)	Hispanio	1909	1910	no
nuntempa_bulgario	Nuntempa Bulgario	Bulgario	1957	1971	no
oficiala_bulteno	Oficiala Bulteno	Francio	1929	1933	no
oficiala_bulteno_de_la_akademio_laborista_esperantista	Oficiala Bulteno de la Akademio Laborista Esperantista	Nederlando	1933		no
oficiala_jarlibro	Oficiala Jarlibro	Svislando	1905	1914	no
oficialagazetoesperantista	Oficiala Gazeto Esperantista	Francio	1908	1920	no
okazas	Okazas!	Francio	1998	2007	no
okcidentgermanarevuo	Okcidentgermana Revuo	Germanio	1961	1968	no
ondas_jokohamo	Ondas Jokohamo	Japanio	2007	2007	no
ondeta_shiga	Ondeta Ŝiga	Japanio	1988	2007	no
onidirasnun	Oni diras nun!	Usono	2007		no
oomoto	Oomoto	Japanio	1925	2005	no
oomotointernacia	Oomoto Internacia	Japanio	1924	1950	no
opus_nigrum	Opus Nigrum	Hungario	1987	1988	no
ora_jhurnalo	Ora Ĵurnalo	Svedio			no
orienta_azio	Orienta Azio	Japanio	1911	1916	no
orienta_kulturo	Orienta Kulturo	Japanio	1936	1939	no
orienta_kuriero	Orienta Kuriero	Ĉinio	1938	1947	no
orienta_stelo	Orienta Stelo	Britio	1981	2007	no
orienta_stelo_londono	Orienta Stelo (Londono)	Britio	1981	2007	no
orientlondona_esperanto	Orientlondona Esperanto	Britio	2006	2007	no
osijeka_sonorilo	Osijeka Sonorilo	Kroatio			no
ovo	OVO	Kroatio	1984	1986	no
pacdefendanto	Pacdefendanto	Ĉeĥio	1952	1956	no
paco_belga_eldono	Paco. Belga eldono	Belgio			no
paco_bulgara	Paco (Bulgara Eldono)	Bulgario			no
paco_kaj_amo	Paco kaj Amo	Hispanio	1926	1935	no
paco_komuna_eldono	Paco (Komuna eldono)	Germanio			no
paco_polaeldono	Paco (Pola Eldono)	Pollando	1990	1990	no
paco_sovetiaeldono	Paco (Sovetia Eldono)	Rusio			no
paco_vjetnama_eldono	Paco. Vjetnama eldono	Bulgario			no
pacochehhoslovaka	Paco (Ĉeĥa Eldono)	Ĉeĥio	1984	1989	no
pacogdreldono	Paco (GDR Eldono)	Germanio	1966	1989	no
pacohungario	Paco (Hungara Eldono)	Hungario	1956	1980	no
pacojapanio	Paco (Japana Eldono)	Japanio	1953	1989	no
pacomem	Paco (MEM)	Bulgario	1953	2005	no
panorama_de_la_granda_insulo	Panorama de la Granda Insulo	Madagaskaro			no
panorame	Panorame	Ĉinio			no
paris_esperanto	Paris-Esperanto	Francio	1906	1978	no
pariza_federacio	Pariza Federacio	Francio	1972	1975	no
paroluenesperanto	Parolu en Esperanto	Hispanio	1975	1976	no
penseo	Penseo	Ĉinio	1990	2009	no
perkomputora_terminokolekto_cirkulero_plena_pekoteko	Perkomputora terminokolekto. Cirkulero. Plena pekoteko	Germanio	1985	1992	no
perspektivo	Perspektivo	Danio	1978	1983	no
pilo_press	PILO-PRESS	Germanio	1964	1973	no
planlingvistiko	Planlingvistiko	Svislando	1981	1986	no
polaesperantisto	Pola esperantisto	Pollando	1988	2009	no
ponto_sunda_esperanto_agado	Ponto (Sunda Esperanto Agado)	Svedio			no
popolafronto	Popola Fronto	Hispanio	1936	1939	no
por_francujo_per_esperanto	Por Francujo, per Esperanto	Francio			no
posamiko	Pos-Amiko	Nederlando	2012		no
prezidanta_bulteno	Prezidanta Bulteno	Pollando			no
proleta_literaturo	Proleta Literaturo	Azerbajĝano	1934	1935	no
proletavocxo	Proleta Voĉo	Hispanio	1932	1938	no
provence_esperanto	Provence Espéranto	Francio	1988	1992	no
radiesteza_gazeto	Radiesteza Gazeto	Francio	1937	1939	no
recim_info	RECIM-Info	Francio	1969	2009	no
recim_mondo	RECIM-Mondo	Francio			no
rego	REGo	Rusio	2000	2017	no
revuo_esperanto_triumfonta	Revuo Esperanto Triumfonta	Germanio	1922	1924	no
revuo_sejo	Revuo SEJO	Hispanio			no
rigastelo	Riga Stelo	Latvio	1910	1911	no
rio_esperantista	Rio Esperantista	Brazilo	1947	1994	no
rokgazet	RokGazet’	Francio	1990	2003	no
rugha_esperantisto	Ruĝa Esperantisto	Rusio	1932	1935	no
rumumdiewelt1910	Rund um die Welt (Ĉirkaŭ la mondo)	Ĉeĥio	1910	1914	no
ruslandaesperantisto	Ruslanda Esperantisto	Rusio	1905	1910	no
sabadellesperantista	Sabadell Esperantista	Hispanio	1957	1983	no
sabzandishan	Pajam-e Sabzandiŝan	Irano	2002	2002	no
saluton	Saluton!	Bulgario	1988	1991	no
saluton_jeb	S@luton (JEB)	Britio	1976	2007	no
saluton_kantabra	Saluton!	Hispanio	2002		no
saluton_shikago	Saluton! (Ŝikago)	Usono			no
samideano_bel	Samideano (BEL)	Brazilo	1999	1999	no
sano	Sano	Ĉeĥio	1979	2007	no
sarta_stelo	Sarta Stelo	Francio	1908	1914	no
sat_broshurservo	SAT-Broŝurservo	Francio	1976	1977	no
satehinformilo	SATeH-informilo	Hispanio			no
satiroj	SAT.IROJ	Aŭstrio			no
saudacao_informilo	Saudacao Informilo	Portugalio	1985	1997	no
scienca_bulteno	Scienca Bulteno	Francio	1925	1925	no
scienca_mondo	Scienca Mondo	Bulgario	1976	1991	no
scienca_revuo	Scienca Revuo	Nederlando	1949	2007	no
sciencagazeto_esperanta	Scienca Gazeto Esperanta	Usono	1932	1940	no
sciencaj_komunikajhoj	Sciencaj Komunikaĵoj	Hungario	1975	1986	no
scienco_kaj_kulturo	Scienco kaj Kulturo	Rusio	1995	2006	no
sedo	Se... do...	Hispanio	1986		no
sek_bulteno	SEK-bulteno	Argentino	1990		no
seksokajegaleco	Sekso kaj Egaleco	Nederlando	1979	1988	yes
semajno	Semajno	Germanio	1978	1978	no
semajno_de_enigmoj	Semajno de Enigmoj	Italio			no
semisto_titolo_dum_1947_1948_semisto_samann	Semisto. Titolo dum 1947-1948: Semisto-Sämann	Germanio	1947	1967	no
semu_konstante_oficiala_organo_de_esperanto_societo_suda_kruco	Semu konstante! Oficiala organo de Esperanto-Societo «Suda Kruco»	Nederlando	1944	1957	no
sen_nomo_brazilo	Sen Nomo (Brazilo)	Brazilo	1986	1986	no
senhontilo	Senhontilo	Hispanio	1983	1983	no
sennaciecarevuo	Sennacieca Revuo	Francio	1923	1928	no
sennaciulo	Sennaciulo	Francio	1920	2009	no
simpozio_filozofia_revo	Filozofia Revuo Simpozio	Brazilo	1983	2005	no
skolta_bulteno	Skolta Bulteno	Britio	1931	1940	no
skolta_heroldo	Skolta Heroldo	Francio	1926	1933	no
skoltamondo	La Skolta Mondo	Britio	1948	2010	no
slea_informilo	SLEA-Informilo	Svedio	1964	2004	no
slovenia_esperanto_ligo_informoj_siel	Slovenia Esperanto-Ligo Informoj (SIEL)	Slovenio			no
someraj_universitataj_kursoj	Someraj Universitataj Kursoj	Belgio			no
sonorilo	Sonorilo	Belgio	1962	1974	no
sophia_teozofia_revuo	Sophia. Teozofia Revuo	Hispanio	1909	1910	no
soveta_pedagogia_revuo	Soveta Pedagogia Revuo	Rusio	1929	1930	no
speciala_cirkulero_speccirk	Speciala Cirkulero (SpecCirk)	Germanio	1969	1999	no
spiritismainformilosei	S.E.I. Spiritisma Esperanto-Informilo.	Brazilo	1981	2009	no
sprono	Sprono	Japanio	1932	1932	no
starto	Starto	Ĉeĥio	1968	2009	no
sud_rejna_kuriero	Sud-Rejna Kuriero	Francio	2001	2006	no
suda_stelo	Suda Stelo	Brazilo	1947	1997	no
sudfranciastelo	Sudfranca Stelo / SudFrancia Stelo	Francio			no
sulko	Sulko	Hispanio	1981	1988	no
suplemento_al_paco	Suplemento al «Paco»	Francio	1973	1974	no
sur_posteno	Sur Posteno	Nederlando	1933	1938	no
survoje	Survoje	Rusio	1988	1993	no
svisa_esperanto_revuo_ser	Svisa Esperanto-Revuo (SER)	Svislando	1980	1997	no
svisa_esperanto_societo_informas_ses_informas	Svisa Esperanto-Societo Informas (SES-Informas)	Svislando	1990	2004	no
svisaespero	Svisa Espero	Svislando	1941	1941	no
tagigho_brazilo	Tagiĝo (Brazilo)	Brazilo	1976	1994	no
take	TAKE	Francio			no
tamenplu	Tamen plu	Aŭstralio	1982		no
tamtamo	Tamtamo	Grekio	1959	1990	no
teabulteno	TEA Bulteno	Italio	1998	1999	no
tefloro_chinio	Tefloro (Ĉinio)	Ĉinio			no
tejo_aktuale	TEJO Aktuale	Pollando			no
tejotutmonde	TEJO tutmonde	Kanado	1982	2010	no
teku	TerminaraKuriero (TEKU)	Germanio	1970	2007	no
teleskopo	Teleskopo	Brazilo	2009	2012	no
telopeo	Telopeo	Aŭstralio	1970	2009	no
tempo	Tempo	Kroatio	1980	2009	yes
terminoteko	Terminoteko	Germanio	1991	1997	no
the_esperanto_monthly	The Esperanto Monthly	Britio	1913	1919	no
the_worker_esperantist	The Worker Esperantist / La Verda Proleto	Britio	1933	1993	no
theaustralianesperantist	The Australian esperantist	Aŭstralio	1908	1992	no
theesperantist1903	The Esperantist	Britio	1903	1905	no
tjo_bulteno	T.J.O.-Bulteno	Belgio	1946	1948	no
tra_la_mondo_herzberg	Tra La Mondo (Herzberg)	Germanio			no
tra_la_mondo_ilustrata	Tra la Mondo (Ilustrata)	Francio	1905	1909	no
tra_la_mondo_kaj_literaturo	Tra la mondo kaj literaturo	Pollando	1950	1953	no
trampo	Trampo	Pollando	1999	2002	no
transalpa_esperantisto	Transalpa Esperantisto	Svislando	1981	1988	no
trefo	TREFO	Francio	1999	2003	no
trilanda_kuriero	Trilanda Kuriero	Germanio	1981	1987	no
tuluza_stelo	Tuluza Stelo	Francio	1944	1946	no
turanghia_luko	Turanĝia Luko	Francio			no
turka_stelo	Turka Stelo	Turkio			no
tutmondaespero	Tutmonda Espero	Hispanio	1908	1914	no
tutmondaj_sciencoj_kaj_teknikoj	Tutmondaj Sciencoj kaj Teknikoj	Ĉinio	1985	1998	no
tutmondo_esperanta	Tutmondo Esperanta	Germanio	1933	1933	no
uabo	UABO	Svedio	1938	1939	no
ukraniastelo	Ukraina Stelo	Ukrainio	1913	1923	no
umujo	Umujo	Francio			yes
un_kaj_ni	UN kaj Ni	Belgio	1976	1988	no
unesco_kuriero	UNESCO-Kuriero	Ĉinio	1964		no
universala_lingvo	Universala Lingvo	Hispanio	1989	1989	no
universalainternacia_lingvo_valencio	Universala/Internacia Lingvo (Valencio)	Hispanio	1989	1989	no
universalajhurnalo	Universala ĵurnalo	Rusio	1910	1911	no
update_ghisdate	Update Ĝisdate	Britio			no
ushe_ehho	UŜE-Eĥo	Rumanio	1931	1937	no
usona_esperantisto	Usona Esperantisto	Usono	1962	2009	no
usona_revuo	Usona Revuo	Meksiko	1949	1950	no
valencialuno	Valencia Luno	Hispanio	1968	2007	no
varma_espero	Varma Espero	Ĉinio			no
vegetara_revuo	Vegetara Revuo	Danio	1947	1950	no
vegetarano	Vegetarano	Italio	1914	1983	no
vego	VEGO	Britio	1993	1994	no
vekigho	Vekiĝo!	Francio	1912	1913	no
vekilo	Vekilo	Finnlando			no
veko_sudakruco	VEKO (Suda Kruco)	Nederlando	1952	1989	no
venezuelastelo	Venezuela stelo	Venezuelo	1973	2009	no
vento	Vento (Andaluzio)	Hispanio	2018	Nuntempe	no
verda_informilo	Verda Informilo	Germanio	2002	2007	no
verda_lumo	Verda Lumo	Usono	1981	2001	no
verda_monteto	Verda Monteto	Japanio	1939	1940	no
verda_spiko	Verda Spiko	Ĉinio			no
verda_stelo_niigata	Verda Stelo Niigata	Japanio	2004	2008	no
verda_vocho_de_doksy	Verda Voĉo de Doksy	Ĉeĥio	1946	1956	no
verdaelefanto	Verda Elefanto	Tajlandio			no
verdaj_folioj	Verdaj Folioj	Usono	2004	2006	no
verdaj_saksofono_kaj_triskelo	Verdaj Saksofono kaj Triskelo	Francio	2005	2006	no
verdalupeofenikso	La Verda Lupeo / Fenikso	Germanio	1962		no
verdamesagho	Verda mesaĝo el Vjetnamio	Vjetnamio	1996	1998	no
verdamondo	Verda Mondo	Japanio	1925	1935	no
verdastelo_germanio	Verda Stelo (Germanio)	Germanio	1926	1929	no
verdautopio	Verda Utopio	Japanio	1920	1925	no
verdire	Verdire	Belgio	1991	1995	no
vertikale	Vertikale	Belgio	1992	2006	no
vesperto	Vesperto	Hungario	1992	2005	no
vibro_kaj_vivo	Vibro kaj Vivo	Brazilo			no
vilagesnyelv	Világ és Nyelv / Mondo kaj Lingvo	Hungario	1976	1987	no
virina_bulteno	Virina Bulteno	Svislando	1911	1912	no
vjetnamio	Vjetnamio	Vjetnamio	1990	1994	no
vjetnamio_antauenmarshas	Vjetnamio antaŭenmarŝas	Vjetnamio	1959	1963	no
voce_del_centro_esperantista_piceno	Voce del Centro Esperantista Piceno	Italio	1962	2009	no
vocho_de_amikejo	Voĉo de Amikejo	Belgio			no
vocho_de_farmaciistoj	Voĉo de Farmaciistoj	Pollando	1909	1910	no
vocho_de_islando	Voĉo de Islando	Islando	1949	1960	no
vocho_de_kuracistoj	Voĉo de Kuracistoj	Ukrainio	1908	1908	no
vochoelindonezio	Voĉo el Indonezio	Indonesio	1953	1960	no
vochoj_el_oriento	Voĉoj el Oriento	Ĉinio	1938	1940	no
voko	Voko	Aŭstrio		1988	no
yes_sidiju_kaj_taipu	Yes! Sidiju kaj taipu!	Francio	1994	1999	no
zagrebaesperantisto	Zagreba esperantisto	Kroatio	2007	2008	no
zajn	Zajn'	Svedio			no
zodiako	Zodiako	Hispanio	1978	1978	yes
