source	words	recognisable_pct	single_char_pct
ia-LaHeroojDeLaNovaTagiolaKronikoDeNabil.txt	240560	91.4	2.0
ia-dlibra.kul.pl.49099.txt	20251	74.0	5.6
ia-eowiki-Afriko-20200722.pdf.txt	4720	85.1	2.4
ia-eowiki-Agula_lingvo-20200728.pdf.txt	453	63.8	11.3
ia-eowiki-Araba_lingvo-20200723.pdf.txt	5266	79.0	7.3
ia-eowiki-Arumana_lingvo-20200726.pdf.txt	263	70.7	47.9
ia-eowiki-Azio-20200722.pdf.txt	4015	81.4	4.8
ia-eowiki-Balia_lingvo-20200727.pdf.txt	446	71.3	9.2
ia-eowiki-Bengala_lingvo-20200724.pdf.txt	1101	76.3	6.8
ia-eowiki-Evea_lingvo-20200727.pdf.txt	260	71.2	2.3
ia-eowiki-Filipina_lingvo-20200726.pdf.txt	315	85.4	1.9
ia-eowiki-Germana_lingvo-20200722.pdf.txt	4320	84.2	3.4
ia-eowiki-Hindustana_lingvo-20200725.pdf.txt	1269	62.1	15.6
ia-eowiki-Historio_de_la_mondo-20200721.pdf.txt	8169	79.9	9.0
ia-eowiki-Jakuta_lingvo-20200725.pdf.txt	1216	65.9	10.6
ia-eowiki-Jida_lingvo-20200724.pdf.txt	1714	79.9	13.9
ia-eowiki-Kefa_lingvo-20200725.pdf.txt	175	62.9	5.1
ia-eowiki-Kopta_lingvo-20200726.pdf.txt	4680	65.4	8.1
ia-eowiki-Kria_lingvo-20200727.pdf.txt	391	66.8	8.4
ia-eowiki-Krika_lingvo-20200728.pdf.txt	115	79.1	5.2
ia-eowiki-Latina_lingvo-20200723.pdf.txt	2361	88.4	6.4
ia-eowiki-Lingvo-20200721.pdf.txt	3048	62.1	7.6
ia-eowiki-Luba_lingvo-20200728.pdf.txt	222	65.3	8.1
ia-eowiki-Malnovaltgermana_lingvo-20200728.pdf.txt	461	82.6	2.6
ia-eowiki-Mezpersa_lingvo-20200728.pdf.txt	204	79.4	4.9
ia-eowiki-Nama_lingvo-20200728.pdf.txt	125	71.2	3.2
ia-eowiki-Naura_lingvo-20200727.pdf.txt	381	53.5	15.2
ia-eowiki-Navaha_lingvo-20200726.pdf.txt	290	84.1	2.8
ia-eowiki-Nejoj-20200726.pdf.txt	138	55.1	2.2
ia-eowiki-Nigrapieda_lingvo-20200728.pdf.txt	79	70.9	2.5
ia-eowiki-Odia_lingvo-20200725.pdf.txt	155	78.1	5.2
ia-eowiki-Okinava_lingvo-20200728.pdf.txt	87	87.4	3.4
ia-eowiki-Oroma_lingvo-20200727.pdf.txt	288	59.4	3.8
ia-eowiki-Palatinata_germana_dialektaro-20200728.pdf.txt	353	72.2	1.1
ia-eowiki-Parta_lingvo-20200728.pdf.txt	522	84.5	2.9
ia-eowiki-Pitjantjatjara_lingvo-20200725.pdf.txt	124	83.1	4.0
ia-eowiki-Rapanuia_lingvo-20200727.pdf.txt	359	72.1	5.0
ia-eowiki-Romanido-20200725.pdf.txt	889	88.0	5.2
ia-eowiki-Ruanda_lingvo-20200726.pdf.txt	258	71.7	2.7
ia-eowiki-Rusa_lingvo-20200723.pdf.txt	3344	80.7	5.4
ia-eowiki-Slovaka_lingvo-20200724.pdf.txt	637	84.5	11.3
ia-eowiki-Srana_lingvo-20200728.pdf.txt	299	64.9	4.3
ia-eowiki-Svahila_lingvo-20200724.pdf.txt	2476	83.2	1.8
ia-eowiki-Tata_lingvo-20200728.pdf.txt	154	68.2	3.2
ia-eowiki-Tibeta_lingvo-20200725.pdf.txt	458	46.9	5.5
ia-eowiki-Turka_lingvo-20200723.pdf.txt	2184	64.5	12.3
ia-eowiki-Veda_Sanskrito-20200728.pdf.txt	366	67.8	5.5
ia-eowiki-Vilamovica_lingvo-20200728.pdf.txt	1013	63.0	8.6
ia-eowiki-Voroa_lingvo-20200727.pdf.txt	579	83.8	2.9
ia-eowiki-Zazaa_lingvo-20200725.pdf.txt	230	67.4	2.2
ia-esperanto-the-international-language-a-complete-textbook-w-j-downes-1982.txt	49741	55.1	4.3
ia-key_to_the_ekzercaro.txt	7423	29.4	6.4
ia-poemo-de-utnoa-eo-1jun-2023.txt	54950	90.5	2.2
ia-traduction_de_lekzercaro.txt	7860	45.5	12.1
pg-11307.txt	10818	77.8	1.3
pg-11511.txt	24189	88.1	0.9
pg-16967.txt	37507	56.1	1.4
pg-17425.txt	9506	72.9	1.6
pg-17482.txt	28455	75.9	0.7
pg-17665.txt	10974	75.7	2.7
pg-17945.txt	12566	68.9	1.2
pg-18178.txt	38094	80.1	1.3
pg-18326.txt	14664	80.3	1.3
pg-18836.txt	13967	66.7	1.5
pg-19030.txt	25661	75.8	0.5
pg-19182.txt	26526	75.0	0.5
pg-19183.txt	26724	71.9	0.5
pg-19293.txt	13323	67.9	0.9
pg-19803.txt	29995	78.3	0.4
pg-19858.txt	24253	72.9	0.5
pg-20006.txt	19364	77.8	2.2
pg-20162.txt	31133	76.5	0.4
pg-20178.txt	24767	76.1	0.5
pg-20802.txt	47780	81.0	0.3
pg-20931.txt	13907	79.2	1.4
pg-20943.txt	13032	69.3	1.5
pg-21194.txt	15478	79.9	1.6
pg-21195.txt	11127	75.1	1.4
pg-21951.txt	8651	70.6	1.7
pg-22070.txt	38443	91.4	1.0
pg-22592.txt	19246	85.0	2.6
pg-22901.txt	12885	79.8	1.6
pg-23093.txt	19203	75.5	0.7
pg-23670.txt	24539	76.9	1.0
pg-23774.txt	34192	75.2	2.2
pg-23837.txt	19616	71.9	0.6
pg-24057.txt	5700	51.4	3.0
pg-24074.txt	18453	74.2	0.8
pg-24145.txt	26489	78.1	1.5
pg-24292.txt	23993	76.5	1.0
pg-24355.txt	24975	73.8	0.5
pg-24501.txt	31344	79.4	0.6
pg-24525.txt	13174	70.3	1.8
pg-24575.txt	7854	48.8	12.8
pg-24763.txt	19788	86.2	1.4
pg-25311.txt	11638	77.7	3.2
pg-25386.txt	13018	79.7	1.8
pg-25539.txt	20160	87.2	1.0
pg-25964.txt	15760	83.1	1.6
pg-26099.txt	12807	79.6	1.5
pg-26359.txt	27534	89.6	2.0
pg-26480.txt	37339	86.0	3.6
pg-26959.txt	8800	66.2	3.2
pg-27170.txt	14382	79.7	1.4
pg-27593.txt	12227	75.2	2.4
pg-27915.txt	11413	67.8	2.4
pg-28720.txt	12975	57.3	4.8
pg-28721.txt	13362	59.8	5.4
pg-28968.txt	32717	86.8	1.4
pg-28971.txt	5197	55.4	2.5
pg-29403.txt	14087	63.0	3.8
pg-30536.txt	29144	86.1	1.2
pg-30991.txt	15203	59.5	2.8
pg-30992.txt	15571	60.4	3.1
pg-31348.txt	37976	81.2	0.4
pg-32035.txt	39871	80.2	1.6
pg-32313.txt	14610	56.7	3.8
pg-32314.txt	15462	56.9	3.6
pg-32480.txt	33705	80.1	0.6
pg-34042.txt	14683	62.8	2.7
pg-34043.txt	15371	63.1	2.9
pg-35743.txt	16095	73.0	1.5
pg-35917.txt	22808	76.4	1.1
pg-35981.txt	8997	72.6	1.8
pg-37279.txt	33972	81.7	1.2
pg-37642.txt	15085	68.0	4.8
pg-37643.txt	15088	59.6	3.6
pg-37644.txt	14722	60.7	3.9
pg-37977.txt	15222	63.6	3.3
pg-37978.txt	14534	65.0	3.5
pg-39840.txt	15517	68.1	2.9
pg-39841.txt	14627	73.2	2.8
pg-39842.txt	14258	72.6	2.8
pg-42028.txt	27730	88.9	1.5
pg-42774.txt	6760	63.8	3.7
pg-44128.txt	15347	75.4	2.8
pg-44130.txt	15070	77.4	2.4
pg-44131.txt	14810	76.0	2.7
pg-44666.txt	15079	76.6	2.7
pg-44667.txt	14965	78.4	2.3
pg-44668.txt	14907	69.8	3.0
pg-45612.txt	18001	85.7	1.0
pg-45713.txt	36460	88.2	1.5
pg-47249.txt	20349	85.8	7.2
pg-47259.txt	44826	88.2	2.7
pg-47855.txt	20973	87.0	5.8
pg-47913.txt	19669	83.2	2.0
pg-48033.txt	27365	88.2	2.3
pg-48896.txt	6494	63.6	3.7
pg-48900.txt	14217	80.2	1.8
pg-49232.txt	15114	70.6	2.6
pg-49233.txt	14317	79.4	2.6
pg-49234.txt	13089	72.3	3.7
pg-51069.txt	66015	92.0	0.7
pg-51690.txt	15270	79.4	5.4
pg-52062.txt	14404	81.4	2.3
pg-52063.txt	15858	82.8	2.1
pg-52064.txt	21007	85.7	2.0
pg-52111.txt	16616	84.3	1.7
pg-52556.txt	14507	54.9	5.1
pg-52577.txt	28092	88.4	1.7
pg-52876.txt	11172	73.5	2.9
pg-55302.txt	105267	93.3	1.5
pg-55574.txt	32876	89.7	2.8
pg-55954.txt	84842	94.7	0.7
pg-56351.txt	6742	65.2	2.2
pg-57184.txt	71197	93.4	2.0
pg-60429.txt	22097	84.8	5.9
pg-61103.txt	24782	88.8	1.8
pg-61190.txt	8400	72.2	1.7
pg-61579.txt	10921	78.6	1.4
pg-61581.txt	6059	62.2	2.1
pg-61860.txt	78185	95.8	0.8
pg-62118.txt	21206	86.1	1.5
pg-62394.txt	12405	77.8	1.7
pg-62511.txt	22612	87.1	1.2
pg-63064.txt	13100	80.0	1.8
pg-63105.txt	18268	84.2	1.4
pg-63926.txt	24524	88.3	1.1
pg-64579.txt	146090	96.3	0.7
pg-65835.txt	66068	92.7	1.6
pg-65958.txt	44291	91.4	1.0
pg-66037.txt	21775	85.6	1.3
pg-68874.txt	18582	84.6	1.2
pg-68878.txt	36718	92.3	2.3
pg-68879.txt	22220	86.6	1.2
pg-69123.txt	46336	92.4	1.2
pg-71836.txt	17697	84.0	2.2
pg-74344.txt	8032	70.0	2.6
pg-74405.txt	16242	82.7	1.5
pg-75983.txt	8676	70.8	4.4
pg-76273.txt	8515	71.7	1.8
pg-76310.txt	3938	41.7	3.7
pg-7787.txt	83561	50.3	9.4
pg-78054.txt	6971	65.3	1.9
pg-8177.txt	46576	52.8	3.4
pg-8224.txt	124984	84.9	1.1
wsdump-Bulthuis_Inferio_1938.txt	42272	98.8	0.3
wsdump-Defoe_Robinsono_Kruso_1908_Krafft.txt	20011	98.0	0.2
wsdump-Grabowski_El_Parnaso_de_Popoloj_1913.txt	21726	91.0	3.2
wsdump-Homero_Iliado_1896_Kofman.txt	29534	93.7	1.7
wsdump-Kabe_Vortaro_de_Esperanto_1922.txt	95570	97.4	1.2
wsdump-Lanti_El_verkoj_de_E_Lanti_1982_II.txt	36940	96.6	2.4
wsdump-Lanti_El_verkoj_de_E_Lanti_1985_III.txt	39867	96.5	1.9
wsdump-Lanti_El_verkoj_de_E_Lanti_1991_I.txt	45964	97.5	1.9
wsdump-Lanti_Naciismo_1930.txt	22897	97.8	1.2
wsdump-Luyken_Mirinda_amo_1913.txt	88605	97.4	0.7
wsdump-Molière_Don_Juan_1906_Boirac.txt	17024	97.0	1.0
wsdump-Orzeszko_Marta_1928_Zamenhof.txt	74979	98.4	0.7
wsdump-Prus_Pekoj_de_l_infaneco_1913_Grabowski.txt	17920	97.0	0.7
wsdump-Prévost_Manon_Lescaut_1908_Vallienne.txt	55348	98.9	1.0
wsdump-Rossetti_Cezaro_Kredu_min_Sinjorino_1950.txt	69618	96.9	1.0
wsdump-Sienkiewikz_Quo_vadis_1934_Zamenhof_I.txt	98752	96.0	0.4
wsdump-Sienkiewikz_Quo_vadis_1934_Zamenhof_II.txt	94046	96.3	0.4
wsdump-Vallienne_Kastelo_de_Prelongo_1907.txt	143544	97.6	0.5
wsdump-Vallienne_Ĉu_li_1908.txt	123926	97.5	0.7
wsdump-Verkoj_de_FeZ_1935.txt	39012	96.3	1.9
wsdump-Voltaire_Tri_Verkoj_de_Volter_1956_Lanti.txt	76309	96.7	0.8
wsdump-Zakrzewski_Historio_de_Esperanto_1913.txt	27624	91.4	4.1
wsdump-Zamenhof_Dietterle_Originala_Verkaro_1929.txt	235594	97.1	1.9
wsrc-Dua_Libro_de_l'_Lingvo_Internacia_Antaŭparolo.txt	1798	98.8	49.2
wsrc-Dua_Libro_de_l'_Lingvo_Internacia_I.txt	1210	98.7	3.1
wsrc-Dua_Libro_de_l'_Lingvo_Internacia_II.txt	800	98.4	2.5
wsrc-Dua_Libro_de_l'_Lingvo_Internacia_III.txt	8936	99.2	19.4
wsrc-Fabeloj_de_Andersen_(Zamenhof).txt	172	89.5	4.7
wsrc-Fabeloj_de_Andersen_(Zamenhof)_Abio.txt	3055	97.5	0.9
wsrc-Fabeloj_de_Andersen_(Zamenhof)_Anĝelo.txt	908	97.5	0.6
wsrc-Fabeloj_de_Andersen_(Zamenhof)_Avineto.txt	681	98.4	1.3
wsrc-Fabeloj_de_Andersen_(Zamenhof)_Bildo_el_kastelremparo.txt	303	94.4	1.7
wsrc-Fabeloj_de_Andersen_(Zamenhof)_Cikonioj.txt	1653	98.4	0.5
wsrc-Fabeloj_de_Andersen_(Zamenhof)_Dano_Holger.txt	1732	96.0	0.4
wsrc-Fabeloj_de_Andersen_(Zamenhof)_Dio_de_Dormo.txt	3847	97.7	0.5
wsrc-Fabeloj_de_Andersen_(Zamenhof)_El_fenestro_en_Vartou.txt	533	96.1	0.8
wsrc-Fabeloj_de_Andersen_(Zamenhof)_Elfo_de_la_rozo.txt	1842	98.9	0.5
wsrc-Fabeloj_de_Andersen_(Zamenhof)_Elinjo-Fingreto.txt	4083	98.9	0.6
wsrc-Fabeloj_de_Andersen_(Zamenhof)_Fajrilo.txt	2658	98.9	0.5
wsrc-Fabeloj_de_Andersen_(Zamenhof)_Feliĉa_familio.txt	1283	97.8	0.8
wsrc-Fabeloj_de_Andersen_(Zamenhof)_Flikilo.txt	1117	97.9	1.1
wsrc-Fabeloj_de_Andersen_(Zamenhof)_Floroj_de_la_malgranda_Ida.txt	2838	98.7	1.0
wsrc-Fabeloj_de_Andersen_(Zamenhof)_Fluganta_Kofro.txt	1970	98.7	1.0
wsrc-Fabeloj_de_Andersen_(Zamenhof)_Galoŝoj_de_feliĉo.txt	9474	98.4	0.3
wsrc-Fabeloj_de_Andersen_(Zamenhof)_Gefianĉoj.txt	845	98.2	1.5
wsrc-Fabeloj_de_Andersen_(Zamenhof)_Guto_da_akvo.txt	564	96.6	0.9
wsrc-Fabeloj_de_Andersen_(Zamenhof)_Knabineto_kun_alumetoj.txt	957	98.3	0.9
wsrc-Fabeloj_de_Andersen_(Zamenhof)_Konkurso_de_Saltado.txt	711	96.9	1.3
wsrc-Fabeloj_de_Andersen_(Zamenhof)_Kupra_porko.txt	4100	97.3	0.4
wsrc-Fabeloj_de_Andersen_(Zamenhof)_La_malbela_anasido.txt	3468	98.7	1.0
wsrc-Fabeloj_de_Andersen_(Zamenhof)_La_najtingalo.txt	3538	99.0	0.7
wsrc-Fabeloj_de_Andersen_(Zamenhof)_La_novaj_vestoj_de_la_Reĝo.txt	1544	99.1	1.0
wsrc-Fabeloj_de_Andersen_(Zamenhof)_La_virineto_de_maro.txt	8824	99.2	0.5
wsrc-Fabeloj_de_Andersen_(Zamenhof)_Lekanto.txt	1488	98.1	0.8
wsrc-Fabeloj_de_Andersen_(Zamenhof)_Ligo_de_Amikeco.txt	3378	98.1	0.4
wsrc-Fabeloj_de_Andersen_(Zamenhof)_Malbonkonduta_knabo.txt	761	98.6	0.7
wsrc-Fabeloj_de_Andersen_(Zamenhof)_Malgranda_Niko_kaj_granda_Niko.txt	4315	98.7	0.3
wsrc-Fabeloj_de_Andersen_(Zamenhof)_Malgranda_Tuk.txt	1444	96.5	1.2
wsrc-Fabeloj_de_Andersen_(Zamenhof)_Malnova_domo.txt	2945	98.1	0.5
wsrc-Fabeloj_de_Andersen_(Zamenhof)_Malnova_strata_lanterno.txt	2501	98.7	0.6
wsrc-Fabeloj_de_Andersen_(Zamenhof)_Monteto_de_elfoj.txt	2150	97.4	0.7
wsrc-Fabeloj_de_Andersen_(Zamenhof)_Najbaraj_familioj.txt	3657	98.6	0.8
wsrc-Fabeloj_de_Andersen_(Zamenhof)_Neĝa_Reĝino.txt	11568	97.3	0.6
wsrc-Fabeloj_de_Andersen_(Zamenhof)_Ombro.txt	4501	99.4	0.5
wsrc-Fabeloj_de_Andersen_(Zamenhof)_Paŝtistino_kaj_kamentubisto.txt	1751	97.9	0.7
wsrc-Fabeloj_de_Andersen_(Zamenhof)_Paŝtisto_de_porkoj.txt	1484	98.2	0.6
wsrc-Fabeloj_de_Andersen_(Zamenhof)_Persista_stana_soldato.txt	1614	98.6	0.7
wsrc-Fabeloj_de_Andersen_(Zamenhof)_Poligono.txt	660	98.2	0.8
wsrc-Fabeloj_de_Andersen_(Zamenhof)_Reĝidino_sur_pizo.txt	347	97.1	1.4
wsrc-Fabeloj_de_Andersen_(Zamenhof)_Rozo_de_la_tombo_de_Homero.txt	499	96.2	1.0
wsrc-Fabeloj_de_Andersen_(Zamenhof)_Ruĝaj_ŝuoj.txt	2104	98.1	0.9
wsrc-Fabeloj_de_Andersen_(Zamenhof)_Sambura_virineto.txt	3175	98.1	0.7
wsrc-Fabeloj_de_Andersen_(Zamenhof)_Sonorilo.txt	1907	98.6	0.5
wsrc-Fabeloj_de_Andersen_(Zamenhof)_Sovaĝaj_cignoj.txt	2302	98.7	0.8
wsrc-Fabeloj_de_Andersen_(Zamenhof)_Vojkamarado.txt	7117	98.9	0.3
wsrc-Fabeloj_de_Andersen_(Zamenhof)_Ĝardeno_de_la_paradizo.txt	5294	98.5	0.4
wsrc-Fundamenta_Krestomatio_(1903)_Al_la_fratoj.txt	288	98.6	3.1
wsrc-Fundamenta_Krestomatio_(1903)_Al_la_historio_de_la_provoj_de_lingvoj_tutmondaj_de_Leibnitz_ĝis_la_nuna_tempo.txt	3877	91.8	2.1
wsrc-Fundamenta_Krestomatio_(1903)_Al_la_memoro_de_Józef_Wasniewski.txt	447	97.8	2.5
wsrc-Fundamenta_Krestomatio_(1903)_Al_la_reĝo.txt	108	98.1	4.6
wsrc-Fundamenta_Krestomatio_(1903)_Alaŭdeto.txt	86	94.2	5.8
wsrc-Fundamenta_Krestomatio_(1903)_Aleksandro_Macedona.txt	696	98.3	1.3
wsrc-Fundamenta_Krestomatio_(1903)_El_la_unua_libro_de_la_lingvo_Esperanto.txt	3926	98.1	1.8
wsrc-Fundamento_de_Esperanto.txt	124	79.0	8.1
wsrc-Fundamento_de_Esperanto_Antaŭparolo.txt	1643	99.7	0.5
wsrc-Fundamento_de_Esperanto_Ekzercaro.txt	13081	68.3	6.4
wsrc-Fundamento_de_Esperanto_Grammar.txt	1126	43.7	17.1
wsrc-Fundamento_de_Esperanto_Universala_vortaro.txt	21639	42.0	7.3
wsrc-Malnova_Testamento_(Zamenhof)_Psalmaro.txt	27	92.6	14.8
wsrc-Malnova_Testamento_(Zamenhof)_Psalmaro_1.txt	127	97.6	3.1
wsrc-Malnova_Testamento_(Zamenhof)_Psalmaro_10.txt	298	99.0	1.3
wsrc-Malnova_Testamento_(Zamenhof)_Psalmaro_100.txt	89	96.6	4.5
wsrc-Malnova_Testamento_(Zamenhof)_Psalmaro_101.txt	157	98.1	2.5
wsrc-Originala_Verkaro.txt	377	90.2	5.8
wsrc-Originala_Verkaro_Aldono.txt	1269	87.0	41.8
wsrc-Originala_Verkaro_Antaŭparolo.txt	4068	93.8	3.4
wsrc-Originala_Verkaro_Enhavo.txt	50	86.0	16.0
wsrc-Originala_Verkaro_I.txt	234	95.3	3.8
wsrc-Originala_Verkaro_I_1.txt	1804	98.7	1.1
wsrc-Originala_Verkaro_I_10.txt	233	87.6	8.2
wsrc-Originala_Verkaro_I_11.txt	257	95.7	4.7
wsrc-Originala_Verkaro_I_12.txt	109	90.8	11.0
